"level","unit_id","unit_title","passage_id","passage_order","sentence_id","sentence_order","sentence_pattern_id","pattern_name","pattern_cefr","is_new_sentence_pattern","lesson_id","lesson_title","sentence","translation","grammar","occurrence_id","token_order","token_id","lexeme_id","sense_id","type","answer","lemma","prompt","prompt_type","partOfSpeech","dictionary_pos","context_pos","semanticRole","chunk_id","chunk_text","chunk_translation","chunk_order","chunk_note","pattern_id","kk_us","ipa_us","ipa_standalone","ipa_in_sentence","kk","ipa","syllables","stress_syllable","display_syllables","note","audio_method","audio_status","word_audio_source","audio_source","sentence_audio_source","license","is_new_word","is_new_pattern","is_new_combination","is_new_content","qa_status"
"B1","b1-u01","經驗、回憶與故事順序","b1-u01-p01","1","b1-u01-l01-s01","1","b1-u01-l01-pattern","present perfect with for","B1","TRUE","b1-u01-l01","持續至今的經驗","I have worked here for three years.","我在這裡工作三年了。","present perfect with for","b1-u01-l01-p01-s01-t01","1","i-i-pronoun","i","i-pronoun-01","word","I","i","我","meaning","pronoun 代名詞","pronoun 代名詞","pronoun 代名詞","指稱或限定","","","","","","b1-u01-l01-pattern","","","","","","","","","","","web_speech_fallback","pending","","","","","FALSE","TRUE","FALSE","TRUE","pilot_review_required"
"B1","b1-u01","經驗、回憶與故事順序","b1-u01-p01","1","b1-u01-l01-s01","1","b1-u01-l01-pattern","present perfect with for","B1","TRUE","b1-u01-l01","持續至今的經驗","I have worked here for three years.","我在這裡工作三年了。","present perfect with for","b1-u01-l01-p01-s01-t02","2","have-have-auxiliary","have","have-auxiliary-01","word","have","have","已經／有","grammar","auxiliary verb 助動詞","auxiliary verb 助動詞","auxiliary verb 助動詞","動作或狀態","have-worked","have worked","已經工作","1","現在完成式表示從過去持續到現在的經驗。","b1-u01-l01-pattern","","","","","","","","","","","web_speech_fallback","pending","","","","","FALSE","FALSE","TRUE","FALSE","pilot_review_required"
"B1","b1-u01","經驗、回憶與故事順序","b1-u01-p01","1","b1-u01-l01-s01","1","b1-u01-l01-pattern","present perfect with for","B1","TRUE","b1-u01-l01","持續至今的經驗","I have worked here for three years.","我在這裡工作三年了。","present perfect with for","b1-u01-l01-p01-s01-t03","3","work-worked-verb","work","work-verb-01","word","worked","work","工作過","meaning","verb 動詞","verb 動詞","verb 動詞","動作或狀態","have-worked","have worked","已經工作","1","現在完成式表示從過去持續到現在的經驗。","b1-u01-l01-pattern","","","","","","","","","","","web_speech_fallback","pending","","","","","FALSE","FALSE","TRUE","FALSE","pilot_review_required"
"B1","b1-u01","經驗、回憶與故事順序","b1-u01-p01","1","b1-u01-l01-s01","1","b1-u01-l01-pattern","present perfect with for","B1","TRUE","b1-u01-l01","持續至今的經驗","I have worked here for three years.","我在這裡工作三年了。","present perfect with for","b1-u01-l01-p01-s01-t04","4","here-here-adverb","here","here-adverb-01","word","here","here","這裡","meaning","adverb 副詞","adverb 副詞","adverb 副詞","時間、方式或程度","","","","","","b1-u01-l01-pattern","","","","","","","","","","","web_speech_fallback","pending","","","","","TRUE","FALSE","FALSE","TRUE","pilot_review_required"
"B1","b1-u01","經驗、回憶與故事順序","b1-u01-p01","1","b1-u01-l01-s01","1","b1-u01-l01-pattern","present perfect with for","B1","TRUE","b1-u01-l01","持續至今的經驗","I have worked here for three years.","我在這裡工作三年了。","present perfect with for","b1-u01-l01-p01-s01-t05","5","for-for-preposition","for","for-preposition-01","word","for","for","持續／為了","grammar","preposition 介系詞","preposition 介系詞","preposition 介系詞","片語關係","for-three-years","for three years","持續三年","2","for 加一段時間。","b1-u01-l01-pattern","","","","","","","","","","","web_speech_fallback","pending","","","","","FALSE","FALSE","TRUE","FALSE","pilot_review_required"
"B1","b1-u01","經驗、回憶與故事順序","b1-u01-p01","1","b1-u01-l01-s01","1","b1-u01-l01-pattern","present perfect with for","B1","TRUE","b1-u01-l01","持續至今的經驗","I have worked here for three years.","我在這裡工作三年了。","present perfect with for","b1-u01-l01-p01-s01-t06","6","three-three-number","three","three-number-01","word","three","three","三","meaning","number 數詞","number 數詞","number 數詞","核心內容","for-three-years","for three years","持續三年","2","for 加一段時間。","b1-u01-l01-pattern","","","","","","","","","","","web_speech_fallback","pending","","","","","TRUE","FALSE","TRUE","TRUE","pilot_review_required"
"B1","b1-u01","經驗、回憶與故事順序","b1-u01-p01","1","b1-u01-l01-s01","1","b1-u01-l01-pattern","present perfect with for","B1","TRUE","b1-u01-l01","持續至今的經驗","I have worked here for three years.","我在這裡工作三年了。","present perfect with for","b1-u01-l01-p01-s01-t07","7","year-years-noun","year","year-noun-01","word","years","year","年","meaning","noun 名詞","noun 名詞","noun 名詞","核心內容","for-three-years","for three years","持續三年","2","for 加一段時間。","b1-u01-l01-pattern","","","","","","","","","","","web_speech_fallback","pending","","","","","TRUE","FALSE","TRUE","TRUE","pilot_review_required"
"B1","b1-u01","經驗、回憶與故事順序","b1-u01-p01","1","b1-u01-l02-s01","2","b1-u01-l02-pattern","present perfect with never","B1","TRUE","b1-u01-l02","談未曾有過的經驗","I have never traveled alone before.","我以前從未獨自旅行過。","present perfect with never","b1-u01-l02-p01-s01-t01","1","i-i-pronoun","i","i-pronoun-01","word","I","i","我","meaning","pronoun 代名詞","pronoun 代名詞","pronoun 代名詞","指稱或限定","","","","","","b1-u01-l02-pattern","","","","","","","","","","","web_speech_fallback","pending","","","","","FALSE","TRUE","FALSE","TRUE","pilot_review_required"
"B1","b1-u01","經驗、回憶與故事順序","b1-u01-p01","1","b1-u01-l02-s01","2","b1-u01-l02-pattern","present perfect with never","B1","TRUE","b1-u01-l02","談未曾有過的經驗","I have never traveled alone before.","我以前從未獨自旅行過。","present perfect with never","b1-u01-l02-p01-s01-t02","2","have-have-auxiliary","have","have-auxiliary-01","word","have","have","已經／有","grammar","auxiliary verb 助動詞","auxiliary verb 助動詞","auxiliary verb 助動詞","動作或狀態","have-never-traveled","have never traveled","從未旅行過","1","never 放在 have 與過去分詞之間。","b1-u01-l02-pattern","","","","","","","","","","","web_speech_fallback","pending","","","","","FALSE","FALSE","TRUE","FALSE","pilot_review_required"
"B1","b1-u01","經驗、回憶與故事順序","b1-u01-p01","1","b1-u01-l02-s01","2","b1-u01-l02-pattern","present perfect with never","B1","TRUE","b1-u01-l02","談未曾有過的經驗","I have never traveled alone before.","我以前從未獨自旅行過。","present perfect with never","b1-u01-l02-p01-s01-t03","3","never-never-adverb","never","never-adverb-01","word","never","never","從未","meaning","adverb 副詞","adverb 副詞","adverb 副詞","時間、方式或程度","have-never-traveled","have never traveled","從未旅行過","1","never 放在 have 與過去分詞之間。","b1-u01-l02-pattern","","","","","","","","","","","web_speech_fallback","pending","","","","","TRUE","FALSE","TRUE","TRUE","pilot_review_required"
"B1","b1-u01","經驗、回憶與故事順序","b1-u01-p01","1","b1-u01-l02-s01","2","b1-u01-l02-pattern","present perfect with never","B1","TRUE","b1-u01-l02","談未曾有過的經驗","I have never traveled alone before.","我以前從未獨自旅行過。","present perfect with never","b1-u01-l02-p01-s01-t04","4","travel-traveled-verb","travel","travel-verb-01","word","traveled","travel","旅行過","meaning","verb 動詞","verb 動詞","verb 動詞","動作或狀態","have-never-traveled","have never traveled","從未旅行過","1","never 放在 have 與過去分詞之間。","b1-u01-l02-pattern","","","","","","","","","","","web_speech_fallback","pending","","","","","TRUE","FALSE","TRUE","TRUE","pilot_review_required"
"B1","b1-u01","經驗、回憶與故事順序","b1-u01-p01","1","b1-u01-l02-s01","2","b1-u01-l02-pattern","present perfect with never","B1","TRUE","b1-u01-l02","談未曾有過的經驗","I have never traveled alone before.","我以前從未獨自旅行過。","present perfect with never","b1-u01-l02-p01-s01-t05","5","alone-alone-adverb","alone","alone-adverb-01","word","alone","alone","獨自","meaning","adverb 副詞","adverb 副詞","adverb 副詞","時間、方式或程度","","","","","","b1-u01-l02-pattern","","","","","","","","","","","web_speech_fallback","pending","","","","","TRUE","FALSE","FALSE","TRUE","pilot_review_required"
"B1","b1-u01","經驗、回憶與故事順序","b1-u01-p01","1","b1-u01-l02-s01","2","b1-u01-l02-pattern","present perfect with never","B1","TRUE","b1-u01-l02","談未曾有過的經驗","I have never traveled alone before.","我以前從未獨自旅行過。","present perfect with never","b1-u01-l02-p01-s01-t06","6","before-before-preposition","before","before-preposition-01","word","before","before","以前／在……之前","grammar","preposition 介系詞","preposition 介系詞","preposition 介系詞","片語關係","","","","","","b1-u01-l02-pattern","","","","","","","","","","","web_speech_fallback","pending","","","","","TRUE","FALSE","FALSE","TRUE","pilot_review_required"
"B1","b1-u01","經驗、回憶與故事順序","b1-u01-p01","1","b1-u01-l03-s01","3","b1-u01-l03-pattern","past continuous with when","B1","TRUE","b1-u01-l03","背景動作與插入事件","I was cooking when you called me.","你打電話給我時，我正在煮飯。","past continuous with when","b1-u01-l03-p01-s01-t01","1","i-i-pronoun","i","i-pronoun-01","word","I","i","我","meaning","pronoun 代名詞","pronoun 代名詞","pronoun 代名詞","指稱或限定","","","","","","b1-u01-l03-pattern","","","","","","","","","","","web_speech_fallback","pending","","","","","FALSE","TRUE","FALSE","TRUE","pilot_review_required"
"B1","b1-u01","經驗、回憶與故事順序","b1-u01-p01","1","b1-u01-l03-s01","3","b1-u01-l03-pattern","past continuous with when","B1","TRUE","b1-u01-l03","背景動作與插入事件","I was cooking when you called me.","你打電話給我時，我正在煮飯。","past continuous with when","b1-u01-l03-p01-s01-t02","2","was-was-auxiliary","was","was-auxiliary-01","word","was","was","是／正在（過去）","grammar","auxiliary verb 助動詞","auxiliary verb 助動詞","auxiliary verb 助動詞","動作或狀態","was-cooking","was cooking","當時正在煮飯","1","過去進行式描述當時持續中的動作。","b1-u01-l03-pattern","","","","","","","","","","","web_speech_fallback","pending","","","","","TRUE","FALSE","TRUE","TRUE","pilot_review_required"
"B1","b1-u01","經驗、回憶與故事順序","b1-u01-p01","1","b1-u01-l03-s01","3","b1-u01-l03-pattern","past continuous with when","B1","TRUE","b1-u01-l03","背景動作與插入事件","I was cooking when you called me.","你打電話給我時，我正在煮飯。","past continuous with when","b1-u01-l03-p01-s01-t03","3","cook-cooking-verb","cook","cook-verb-01","word","cooking","cook","正在煮飯","meaning","verb 動詞","verb 動詞","verb 動詞","動作或狀態","was-cooking","was cooking","當時正在煮飯","1","過去進行式描述當時持續中的動作。","b1-u01-l03-pattern","","","","","","","","","","","web_speech_fallback","pending","","","","","TRUE","FALSE","TRUE","TRUE","pilot_review_required"
"B1","b1-u01","經驗、回憶與故事順序","b1-u01-p01","1","b1-u01-l03-s01","3","b1-u01-l03-pattern","past continuous with when","B1","TRUE","b1-u01-l03","背景動作與插入事件","I was cooking when you called me.","你打電話給我時，我正在煮飯。","past continuous with when","b1-u01-l03-p01-s01-t04","4","when-when-conjunction","when","when-conjunction-01","word","when","when","當……時","grammar","conjunction 連接詞","conjunction 連接詞","conjunction 連接詞","子句連接","","","","","","b1-u01-l03-pattern","","","","","","","","","","","web_speech_fallback","pending","","","","","TRUE","FALSE","FALSE","TRUE","pilot_review_required"
"B1","b1-u01","經驗、回憶與故事順序","b1-u01-p01","1","b1-u01-l03-s01","3","b1-u01-l03-pattern","past continuous with when","B1","TRUE","b1-u01-l03","背景動作與插入事件","I was cooking when you called me.","你打電話給我時，我正在煮飯。","past continuous with when","b1-u01-l03-p01-s01-t05","5","you-you-pronoun","you","you-pronoun-01","word","you","you","你／你們","meaning","pronoun 代名詞","pronoun 代名詞","pronoun 代名詞","指稱或限定","","","","","","b1-u01-l03-pattern","","","","","","","","","","","web_speech_fallback","pending","","","","","FALSE","FALSE","FALSE","FALSE","pilot_review_required"
"B1","b1-u01","經驗、回憶與故事順序","b1-u01-p01","1","b1-u01-l03-s01","3","b1-u01-l03-pattern","past continuous with when","B1","TRUE","b1-u01-l03","背景動作與插入事件","I was cooking when you called me.","你打電話給我時，我正在煮飯。","past continuous with when","b1-u01-l03-p01-s01-t06","6","call-called-verb","call","call-verb-01","word","called","call","打電話給","meaning","verb 動詞","verb 動詞","verb 動詞","動作或狀態","","","","","","b1-u01-l03-pattern","","","","","","","","","","","web_speech_fallback","pending","","","","","TRUE","FALSE","FALSE","TRUE","pilot_review_required"
"B1","b1-u01","經驗、回憶與故事順序","b1-u01-p01","1","b1-u01-l03-s01","3","b1-u01-l03-pattern","past continuous with when","B1","TRUE","b1-u01-l03","背景動作與插入事件","I was cooking when you called me.","你打電話給我時，我正在煮飯。","past continuous with when","b1-u01-l03-p01-s01-t07","7","me-me-pronoun","me","me-pronoun-01","word","me","me","我（受詞）","meaning","pronoun 代名詞","pronoun 代名詞","pronoun 代名詞","指稱或限定","","","","","","b1-u01-l03-pattern","","","","","","","","","","","web_speech_fallback","pending","","","","","FALSE","FALSE","FALSE","FALSE","pilot_review_required"
"B1","b1-u01","經驗、回憶與故事順序","b1-u01-p01","1","b1-u01-l04-s01","4","b1-u01-l04-pattern","past events with after","B1","TRUE","b1-u01-l04","依序敘述過去事件","After I arrived home I called my friend.","我到家後打電話給朋友。","past events with after","b1-u01-l04-p01-s01-t01","1","after-after-preposition","after","after-preposition-01","word","After","after","在……之後","grammar","preposition 介系詞","preposition 介系詞","preposition 介系詞","片語關係","after-i-arrived-home","after I arrived home","我到家後","1","after 用來標示先發生的事件。","b1-u01-l04-pattern","","","","","","","","","","","web_speech_fallback","pending","","","","","FALSE","TRUE","TRUE","TRUE","pilot_review_required"
"B1","b1-u01","經驗、回憶與故事順序","b1-u01-p01","1","b1-u01-l04-s01","4","b1-u01-l04-pattern","past events with after","B1","TRUE","b1-u01-l04","依序敘述過去事件","After I arrived home I called my friend.","我到家後打電話給朋友。","past events with after","b1-u01-l04-p01-s01-t02","2","i-i-pronoun","i","i-pronoun-01","word","I","i","我","meaning","pronoun 代名詞","pronoun 代名詞","pronoun 代名詞","指稱或限定","after-i-arrived-home","after I arrived home","我到家後","1","after 用來標示先發生的事件。","b1-u01-l04-pattern","","","","","","","","","","","web_speech_fallback","pending","","","","","FALSE","FALSE","TRUE","FALSE","pilot_review_required"
"B1","b1-u01","經驗、回憶與故事順序","b1-u01-p01","1","b1-u01-l04-s01","4","b1-u01-l04-pattern","past events with after","B1","TRUE","b1-u01-l04","依序敘述過去事件","After I arrived home I called my friend.","我到家後打電話給朋友。","past events with after","b1-u01-l04-p01-s01-t03","3","arrive-arrived-verb","arrive","arrive-verb-01","word","arrived","arrive","抵達","meaning","verb 動詞","verb 動詞","verb 動詞","動作或狀態","after-i-arrived-home","after I arrived home","我到家後","1","after 用來標示先發生的事件。","b1-u01-l04-pattern","","","","","","","","","","","web_speech_fallback","pending","","","","","TRUE","FALSE","TRUE","TRUE","pilot_review_required"
"B1","b1-u01","經驗、回憶與故事順序","b1-u01-p01","1","b1-u01-l04-s01","4","b1-u01-l04-pattern","past events with after","B1","TRUE","b1-u01-l04","依序敘述過去事件","After I arrived home I called my friend.","我到家後打電話給朋友。","past events with after","b1-u01-l04-p01-s01-t04","4","home-home-noun","home","home-noun-01","word","home","home","家","meaning","noun 名詞","noun 名詞","noun 名詞","核心內容","after-i-arrived-home","after I arrived home","我到家後","1","after 用來標示先發生的事件。","b1-u01-l04-pattern","","","","","","","","","","","web_speech_fallback","pending","","","","","FALSE","FALSE","TRUE","FALSE","pilot_review_required"
"B1","b1-u01","經驗、回憶與故事順序","b1-u01-p01","1","b1-u01-l04-s01","4","b1-u01-l04-pattern","past events with after","B1","TRUE","b1-u01-l04","依序敘述過去事件","After I arrived home I called my friend.","我到家後打電話給朋友。","past events with after","b1-u01-l04-p01-s01-t05","5","i-i-pronoun","i","i-pronoun-01","word","I","i","我","meaning","pronoun 代名詞","pronoun 代名詞","pronoun 代名詞","指稱或限定","","","","","","b1-u01-l04-pattern","","","","","","","","","","","web_speech_fallback","pending","","","","","FALSE","FALSE","FALSE","FALSE","pilot_review_required"
"B1","b1-u01","經驗、回憶與故事順序","b1-u01-p01","1","b1-u01-l04-s01","4","b1-u01-l04-pattern","past events with after","B1","TRUE","b1-u01-l04","依序敘述過去事件","After I arrived home I called my friend.","我到家後打電話給朋友。","past events with after","b1-u01-l04-p01-s01-t06","6","call-called-verb","call","call-verb-01","word","called","call","打電話給","meaning","verb 動詞","verb 動詞","verb 動詞","動作或狀態","","","","","","b1-u01-l04-pattern","","","","","","","","","","","web_speech_fallback","pending","","","","","FALSE","FALSE","FALSE","FALSE","pilot_review_required"
"B1","b1-u01","經驗、回憶與故事順序","b1-u01-p01","1","b1-u01-l04-s01","4","b1-u01-l04-pattern","past events with after","B1","TRUE","b1-u01-l04","依序敘述過去事件","After I arrived home I called my friend.","我到家後打電話給朋友。","past events with after","b1-u01-l04-p01-s01-t07","7","my-my-determiner","my","my-determiner-01","word","my","my","我的","grammar","determiner 限定詞","determiner 限定詞","determiner 限定詞","指稱或限定","","","","","","b1-u01-l04-pattern","","","","","","","","","","","web_speech_fallback","pending","","","","","FALSE","FALSE","FALSE","FALSE","pilot_review_required"
"B1","b1-u01","經驗、回憶與故事順序","b1-u01-p01","1","b1-u01-l04-s01","4","b1-u01-l04-pattern","past events with after","B1","TRUE","b1-u01-l04","依序敘述過去事件","After I arrived home I called my friend.","我到家後打電話給朋友。","past events with after","b1-u01-l04-p01-s01-t08","8","friend-friend-noun","friend","friend-noun-01","word","friend","friend","朋友","meaning","noun 名詞","noun 名詞","noun 名詞","核心內容","","","","","","b1-u01-l04-pattern","","","","","","","","","","","web_speech_fallback","pending","","","","","FALSE","FALSE","FALSE","FALSE","pilot_review_required"
"B1","b1-u02","目標、希望與個人計畫","b1-u02-p01","1","b1-u02-l01-s01","1","b1-u02-l01-pattern","hope to for future goals","B1","TRUE","b1-u02-l01","表達未來希望","I hope to study English abroad next year.","我希望明年到國外學英文。","hope to for future goals","b1-u02-l01-p01-s01-t01","1","i-i-pronoun","i","i-pronoun-01","word","I","i","我","meaning","pronoun 代名詞","pronoun 代名詞","pronoun 代名詞","指稱或限定","","","","","","b1-u02-l01-pattern","","","","","","","","","","","web_speech_fallback","pending","","","","","FALSE","TRUE","FALSE","TRUE","pilot_review_required"
"B1","b1-u02","目標、希望與個人計畫","b1-u02-p01","1","b1-u02-l01-s01","1","b1-u02-l01-pattern","hope to for future goals","B1","TRUE","b1-u02-l01","表達未來希望","I hope to study English abroad next year.","我希望明年到國外學英文。","hope to for future goals","b1-u02-l01-p01-s01-t02","2","hope-hope-verb","hope","hope-verb-01","word","hope","hope","希望","meaning","verb 動詞","verb 動詞","verb 動詞","動作或狀態","hope-to","hope to","希望做某事","1","hope to 後接原形動詞。","b1-u02-l01-pattern","","","","","","","","","","","web_speech_fallback","pending","","","","","TRUE","FALSE","TRUE","TRUE","pilot_review_required"
"B1","b1-u02","目標、希望與個人計畫","b1-u02-p01","1","b1-u02-l01-s01","1","b1-u02-l01-pattern","hope to for future goals","B1","TRUE","b1-u02-l01","表達未來希望","I hope to study English abroad next year.","我希望明年到國外學英文。","hope to for future goals","b1-u02-l01-p01-s01-t03","3","to-to-preposition","to","to-preposition-01","word","to","to","不定詞標記／到","grammar","preposition 介系詞","preposition 介系詞","preposition 介系詞","片語關係","hope-to","hope to","希望做某事","1","hope to 後接原形動詞。","b1-u02-l01-pattern","","","","","","","","","","","web_speech_fallback","pending","","","","","FALSE","FALSE","TRUE","FALSE","pilot_review_required"
"B1","b1-u02","目標、希望與個人計畫","b1-u02-p01","1","b1-u02-l01-s01","1","b1-u02-l01-pattern","hope to for future goals","B1","TRUE","b1-u02-l01","表達未來希望","I hope to study English abroad next year.","我希望明年到國外學英文。","hope to for future goals","b1-u02-l01-p01-s01-t04","4","study-study-verb","study","study-verb-01","word","study","study","學習","meaning","verb 動詞","verb 動詞","verb 動詞","動作或狀態","","","","","","b1-u02-l01-pattern","","","","","","","","","","","web_speech_fallback","pending","","","","","TRUE","FALSE","FALSE","TRUE","pilot_review_required"
"B1","b1-u02","目標、希望與個人計畫","b1-u02-p01","1","b1-u02-l01-s01","1","b1-u02-l01-pattern","hope to for future goals","B1","TRUE","b1-u02-l01","表達未來希望","I hope to study English abroad next year.","我希望明年到國外學英文。","hope to for future goals","b1-u02-l01-p01-s01-t05","5","english-english-noun","english","english-noun-01","word","English","english","英文","meaning","noun 名詞","noun 名詞","noun 名詞","核心內容","","","","","","b1-u02-l01-pattern","","","","","","","","","","","web_speech_fallback","pending","","","","","TRUE","FALSE","FALSE","TRUE","pilot_review_required"
"B1","b1-u02","目標、希望與個人計畫","b1-u02-p01","1","b1-u02-l01-s01","1","b1-u02-l01-pattern","hope to for future goals","B1","TRUE","b1-u02-l01","表達未來希望","I hope to study English abroad next year.","我希望明年到國外學英文。","hope to for future goals","b1-u02-l01-p01-s01-t06","6","abroad-abroad-adverb","abroad","abroad-adverb-01","word","abroad","abroad","在國外","meaning","adverb 副詞","adverb 副詞","adverb 副詞","時間、方式或程度","","","","","","b1-u02-l01-pattern","","","","","","","","","","","web_speech_fallback","pending","","","","","TRUE","FALSE","FALSE","TRUE","pilot_review_required"
"B1","b1-u02","目標、希望與個人計畫","b1-u02-p01","1","b1-u02-l01-s01","1","b1-u02-l01-pattern","hope to for future goals","B1","TRUE","b1-u02-l01","表達未來希望","I hope to study English abroad next year.","我希望明年到國外學英文。","hope to for future goals","b1-u02-l01-p01-s01-t07","7","next-next-determiner","next","next-determiner-01","word","next","next","下一個","grammar","determiner 限定詞","determiner 限定詞","determiner 限定詞","指稱或限定","","","","","","b1-u02-l01-pattern","","","","","","","","","","","web_speech_fallback","pending","","","","","TRUE","FALSE","FALSE","TRUE","pilot_review_required"
"B1","b1-u02","目標、希望與個人計畫","b1-u02-p01","1","b1-u02-l01-s01","1","b1-u02-l01-pattern","hope to for future goals","B1","TRUE","b1-u02-l01","表達未來希望","I hope to study English abroad next year.","我希望明年到國外學英文。","hope to for future goals","b1-u02-l01-p01-s01-t08","8","year-year-noun","year","year-noun-01","word","year","year","年","meaning","noun 名詞","noun 名詞","noun 名詞","核心內容","","","","","","b1-u02-l01-pattern","","","","","","","","","","","web_speech_fallback","pending","","","","","FALSE","FALSE","FALSE","FALSE","pilot_review_required"
"B1","b1-u02","目標、希望與個人計畫","b1-u02-p01","1","b1-u02-l02-s01","2","b1-u02-l02-pattern","present continuous for current preparation","B1","TRUE","b1-u02-l02","為計畫做準備","I am saving money for my trip.","我正在為旅行存錢。","present continuous for current preparation","b1-u02-l02-p01-s01-t01","1","i-i-pronoun","i","i-pronoun-01","word","I","i","我","meaning","pronoun 代名詞","pronoun 代名詞","pronoun 代名詞","指稱或限定","","","","","","b1-u02-l02-pattern","","","","","","","","","","","web_speech_fallback","pending","","","","","FALSE","TRUE","FALSE","TRUE","pilot_review_required"
"B1","b1-u02","目標、希望與個人計畫","b1-u02-p01","1","b1-u02-l02-s01","2","b1-u02-l02-pattern","present continuous for current preparation","B1","TRUE","b1-u02-l02","為計畫做準備","I am saving money for my trip.","我正在為旅行存錢。","present continuous for current preparation","b1-u02-l02-p01-s01-t02","2","am-am-auxiliary","am","am-auxiliary-01","word","am","am","是／正在","grammar","auxiliary verb 助動詞","auxiliary verb 助動詞","auxiliary verb 助動詞","動作或狀態","","","","","","b1-u02-l02-pattern","","","","","","","","","","","web_speech_fallback","pending","","","","","TRUE","FALSE","FALSE","TRUE","pilot_review_required"
"B1","b1-u02","目標、希望與個人計畫","b1-u02-p01","1","b1-u02-l02-s01","2","b1-u02-l02-pattern","present continuous for current preparation","B1","TRUE","b1-u02-l02","為計畫做準備","I am saving money for my trip.","我正在為旅行存錢。","present continuous for current preparation","b1-u02-l02-p01-s01-t03","3","save-saving-verb","save","save-verb-01","word","saving","save","正在儲蓄","meaning","verb 動詞","verb 動詞","verb 動詞","動作或狀態","saving-money","saving money","正在存錢","1","現在進行式描述目前持續的準備。","b1-u02-l02-pattern","","","","","","","","","","","web_speech_fallback","pending","","","","","TRUE","FALSE","TRUE","TRUE","pilot_review_required"
"B1","b1-u02","目標、希望與個人計畫","b1-u02-p01","1","b1-u02-l02-s01","2","b1-u02-l02-pattern","present continuous for current preparation","B1","TRUE","b1-u02-l02","為計畫做準備","I am saving money for my trip.","我正在為旅行存錢。","present continuous for current preparation","b1-u02-l02-p01-s01-t04","4","money-money-noun","money","money-noun-01","word","money","money","錢","meaning","noun 名詞","noun 名詞","noun 名詞","核心內容","saving-money","saving money","正在存錢","1","現在進行式描述目前持續的準備。","b1-u02-l02-pattern","","","","","","","","","","","web_speech_fallback","pending","","","","","TRUE","FALSE","TRUE","TRUE","pilot_review_required"
"B1","b1-u02","目標、希望與個人計畫","b1-u02-p01","1","b1-u02-l02-s01","2","b1-u02-l02-pattern","present continuous for current preparation","B1","TRUE","b1-u02-l02","為計畫做準備","I am saving money for my trip.","我正在為旅行存錢。","present continuous for current preparation","b1-u02-l02-p01-s01-t05","5","for-for-preposition","for","for-preposition-01","word","for","for","持續／為了","grammar","preposition 介系詞","preposition 介系詞","preposition 介系詞","片語關係","","","","","","b1-u02-l02-pattern","","","","","","","","","","","web_speech_fallback","pending","","","","","FALSE","FALSE","FALSE","FALSE","pilot_review_required"
"B1","b1-u02","目標、希望與個人計畫","b1-u02-p01","1","b1-u02-l02-s01","2","b1-u02-l02-pattern","present continuous for current preparation","B1","TRUE","b1-u02-l02","為計畫做準備","I am saving money for my trip.","我正在為旅行存錢。","present continuous for current preparation","b1-u02-l02-p01-s01-t06","6","my-my-determiner","my","my-determiner-01","word","my","my","我的","grammar","determiner 限定詞","determiner 限定詞","determiner 限定詞","指稱或限定","","","","","","b1-u02-l02-pattern","","","","","","","","","","","web_speech_fallback","pending","","","","","FALSE","FALSE","FALSE","FALSE","pilot_review_required"
"B1","b1-u02","目標、希望與個人計畫","b1-u02-p01","1","b1-u02-l02-s01","2","b1-u02-l02-pattern","present continuous for current preparation","B1","TRUE","b1-u02-l02","為計畫做準備","I am saving money for my trip.","我正在為旅行存錢。","present continuous for current preparation","b1-u02-l02-p01-s01-t07","7","trip-trip-noun","trip","trip-noun-01","word","trip","trip","旅行","meaning","noun 名詞","noun 名詞","noun 名詞","核心內容","","","","","","b1-u02-l02-pattern","","","","","","","","","","","web_speech_fallback","pending","","","","","TRUE","FALSE","FALSE","TRUE","pilot_review_required"
"B1","b1-u02","目標、希望與個人計畫","b1-u02-p01","1","b1-u02-l03-s01","3","b1-u02-l03-pattern","first conditional","B1","TRUE","b1-u02-l03","可能條件與結果","If I finish early I will meet you.","如果我提早完成，我會去見你。","first conditional","b1-u02-l03-p01-s01-t01","1","if-if-conjunction","if","if-conjunction-01","word","If","if","如果","grammar","conjunction 連接詞","conjunction 連接詞","conjunction 連接詞","子句連接","if-i-finish-early","if I finish early","如果我提早完成","1","第一條件句描述可能發生的未來情況。","b1-u02-l03-pattern","","","","","","","","","","","web_speech_fallback","pending","","","","","TRUE","TRUE","TRUE","TRUE","pilot_review_required"
"B1","b1-u02","目標、希望與個人計畫","b1-u02-p01","1","b1-u02-l03-s01","3","b1-u02-l03-pattern","first conditional","B1","TRUE","b1-u02-l03","可能條件與結果","If I finish early I will meet you.","如果我提早完成，我會去見你。","first conditional","b1-u02-l03-p01-s01-t02","2","i-i-pronoun","i","i-pronoun-01","word","I","i","我","meaning","pronoun 代名詞","pronoun 代名詞","pronoun 代名詞","指稱或限定","if-i-finish-early","if I finish early","如果我提早完成","1","第一條件句描述可能發生的未來情況。","b1-u02-l03-pattern","","","","","","","","","","","web_speech_fallback","pending","","","","","FALSE","FALSE","TRUE","FALSE","pilot_review_required"
"B1","b1-u02","目標、希望與個人計畫","b1-u02-p01","1","b1-u02-l03-s01","3","b1-u02-l03-pattern","first conditional","B1","TRUE","b1-u02-l03","可能條件與結果","If I finish early I will meet you.","如果我提早完成，我會去見你。","first conditional","b1-u02-l03-p01-s01-t03","3","finish-finish-verb","finish","finish-verb-01","word","finish","finish","完成","meaning","verb 動詞","verb 動詞","verb 動詞","動作或狀態","if-i-finish-early","if I finish early","如果我提早完成","1","第一條件句描述可能發生的未來情況。","b1-u02-l03-pattern","","","","","","","","","","","web_speech_fallback","pending","","","","","TRUE","FALSE","TRUE","TRUE","pilot_review_required"
"B1","b1-u02","目標、希望與個人計畫","b1-u02-p01","1","b1-u02-l03-s01","3","b1-u02-l03-pattern","first conditional","B1","TRUE","b1-u02-l03","可能條件與結果","If I finish early I will meet you.","如果我提早完成，我會去見你。","first conditional","b1-u02-l03-p01-s01-t04","4","early-early-adverb","early","early-adverb-01","word","early","early","提早","meaning","adverb 副詞","adverb 副詞","adverb 副詞","時間、方式或程度","if-i-finish-early","if I finish early","如果我提早完成","1","第一條件句描述可能發生的未來情況。","b1-u02-l03-pattern","","","","","","","","","","","web_speech_fallback","pending","","","","","TRUE","FALSE","TRUE","TRUE","pilot_review_required"
"B1","b1-u02","目標、希望與個人計畫","b1-u02-p01","1","b1-u02-l03-s01","3","b1-u02-l03-pattern","first conditional","B1","TRUE","b1-u02-l03","可能條件與結果","If I finish early I will meet you.","如果我提早完成，我會去見你。","first conditional","b1-u02-l03-p01-s01-t05","5","i-i-pronoun","i","i-pronoun-01","word","I","i","我","meaning","pronoun 代名詞","pronoun 代名詞","pronoun 代名詞","指稱或限定","","","","","","b1-u02-l03-pattern","","","","","","","","","","","web_speech_fallback","pending","","","","","FALSE","FALSE","FALSE","FALSE","pilot_review_required"
"B1","b1-u02","目標、希望與個人計畫","b1-u02-p01","1","b1-u02-l03-s01","3","b1-u02-l03-pattern","first conditional","B1","TRUE","b1-u02-l03","可能條件與結果","If I finish early I will meet you.","如果我提早完成，我會去見你。","first conditional","b1-u02-l03-p01-s01-t06","6","will-will-auxiliary","will","will-auxiliary-01","word","will","will","將會","grammar","auxiliary verb 助動詞","auxiliary verb 助動詞","auxiliary verb 助動詞","動作或狀態","","","","","","b1-u02-l03-pattern","","","","","","","","","","","web_speech_fallback","pending","","","","","TRUE","FALSE","FALSE","TRUE","pilot_review_required"
"B1","b1-u02","目標、希望與個人計畫","b1-u02-p01","1","b1-u02-l03-s01","3","b1-u02-l03-pattern","first conditional","B1","TRUE","b1-u02-l03","可能條件與結果","If I finish early I will meet you.","如果我提早完成，我會去見你。","first conditional","b1-u02-l03-p01-s01-t07","7","meet-meet-verb","meet","meet-verb-01","word","meet","meet","見面","meaning","verb 動詞","verb 動詞","verb 動詞","動作或狀態","","","","","","b1-u02-l03-pattern","","","","","","","","","","","web_speech_fallback","pending","","","","","FALSE","FALSE","FALSE","FALSE","pilot_review_required"
"B1","b1-u02","目標、希望與個人計畫","b1-u02-p01","1","b1-u02-l03-s01","3","b1-u02-l03-pattern","first conditional","B1","TRUE","b1-u02-l03","可能條件與結果","If I finish early I will meet you.","如果我提早完成，我會去見你。","first conditional","b1-u02-l03-p01-s01-t08","8","you-you-pronoun","you","you-pronoun-01","word","you","you","你／你們","meaning","pronoun 代名詞","pronoun 代名詞","pronoun 代名詞","指稱或限定","","","","","","b1-u02-l03-pattern","","","","","","","","","","","web_speech_fallback","pending","","","","","FALSE","FALSE","FALSE","FALSE","pilot_review_required"
"B1","b1-u02","目標、希望與個人計畫","b1-u02-p01","1","b1-u02-l04-s01","4","b1-u02-l04-pattern","goal plus infinitive","B1","TRUE","b1-u02-l04","說明個人目標","My goal is to find a better job.","我的目標是找到更好的工作。","goal plus infinitive","b1-u02-l04-p01-s01-t01","1","my-my-determiner","my","my-determiner-01","word","My","my","我的","grammar","determiner 限定詞","determiner 限定詞","determiner 限定詞","指稱或限定","my-goal-is-to","my goal is to","我的目標是","1","用 is to 加原形動詞說明目標。","b1-u02-l04-pattern","","","","","","","","","","","web_speech_fallback","pending","","","","","FALSE","TRUE","TRUE","TRUE","pilot_review_required"
"B1","b1-u02","目標、希望與個人計畫","b1-u02-p01","1","b1-u02-l04-s01","4","b1-u02-l04-pattern","goal plus infinitive","B1","TRUE","b1-u02-l04","說明個人目標","My goal is to find a better job.","我的目標是找到更好的工作。","goal plus infinitive","b1-u02-l04-p01-s01-t02","2","goal-goal-noun","goal","goal-noun-01","word","goal","goal","目標","meaning","noun 名詞","noun 名詞","noun 名詞","核心內容","my-goal-is-to","my goal is to","我的目標是","1","用 is to 加原形動詞說明目標。","b1-u02-l04-pattern","","","","","","","","","","","web_speech_fallback","pending","","","","","TRUE","FALSE","TRUE","TRUE","pilot_review_required"
"B1","b1-u02","目標、希望與個人計畫","b1-u02-p01","1","b1-u02-l04-s01","4","b1-u02-l04-pattern","goal plus infinitive","B1","TRUE","b1-u02-l04","說明個人目標","My goal is to find a better job.","我的目標是找到更好的工作。","goal plus infinitive","b1-u02-l04-p01-s01-t03","3","is-is-auxiliary","is","is-auxiliary-01","word","is","is","是","grammar","auxiliary verb 助動詞","auxiliary verb 助動詞","auxiliary verb 助動詞","動作或狀態","my-goal-is-to","my goal is to","我的目標是","1","用 is to 加原形動詞說明目標。","b1-u02-l04-pattern","","","","","","","","","","","web_speech_fallback","pending","","","","","TRUE","FALSE","TRUE","TRUE","pilot_review_required"
"B1","b1-u02","目標、希望與個人計畫","b1-u02-p01","1","b1-u02-l04-s01","4","b1-u02-l04-pattern","goal plus infinitive","B1","TRUE","b1-u02-l04","說明個人目標","My goal is to find a better job.","我的目標是找到更好的工作。","goal plus infinitive","b1-u02-l04-p01-s01-t04","4","to-to-preposition","to","to-preposition-01","word","to","to","不定詞標記／到","grammar","preposition 介系詞","preposition 介系詞","preposition 介系詞","片語關係","my-goal-is-to","my goal is to","我的目標是","1","用 is to 加原形動詞說明目標。","b1-u02-l04-pattern","","","","","","","","","","","web_speech_fallback","pending","","","","","FALSE","FALSE","TRUE","FALSE","pilot_review_required"
"B1","b1-u02","目標、希望與個人計畫","b1-u02-p01","1","b1-u02-l04-s01","4","b1-u02-l04-pattern","goal plus infinitive","B1","TRUE","b1-u02-l04","說明個人目標","My goal is to find a better job.","我的目標是找到更好的工作。","goal plus infinitive","b1-u02-l04-p01-s01-t05","5","find-find-verb","find","find-verb-01","word","find","find","找到","meaning","verb 動詞","verb 動詞","verb 動詞","動作或狀態","","","","","","b1-u02-l04-pattern","","","","","","","","","","","web_speech_fallback","pending","","","","","TRUE","FALSE","FALSE","TRUE","pilot_review_required"
"B1","b1-u02","目標、希望與個人計畫","b1-u02-p01","1","b1-u02-l04-s01","4","b1-u02-l04-pattern","goal plus infinitive","B1","TRUE","b1-u02-l04","說明個人目標","My goal is to find a better job.","我的目標是找到更好的工作。","goal plus infinitive","b1-u02-l04-p01-s01-t06","6","a-a-determiner","a","a-determiner-01","word","a","a","一個","grammar","determiner 限定詞","determiner 限定詞","determiner 限定詞","指稱或限定","","","","","","b1-u02-l04-pattern","","","","","","","","","","","web_speech_fallback","pending","","","","","FALSE","FALSE","FALSE","FALSE","pilot_review_required"
"B1","b1-u02","目標、希望與個人計畫","b1-u02-p01","1","b1-u02-l04-s01","4","b1-u02-l04-pattern","goal plus infinitive","B1","TRUE","b1-u02-l04","說明個人目標","My goal is to find a better job.","我的目標是找到更好的工作。","goal plus infinitive","b1-u02-l04-p01-s01-t07","7","better-better-adjective","better","better-adjective-01","word","better","better","更好的","meaning","adjective 形容詞","adjective 形容詞","adjective 形容詞","特徵描述","","","","","","b1-u02-l04-pattern","","","","","","","","","","","web_speech_fallback","pending","","","","","TRUE","FALSE","FALSE","TRUE","pilot_review_required"
"B1","b1-u02","目標、希望與個人計畫","b1-u02-p01","1","b1-u02-l04-s01","4","b1-u02-l04-pattern","goal plus infinitive","B1","TRUE","b1-u02-l04","說明個人目標","My goal is to find a better job.","我的目標是找到更好的工作。","goal plus infinitive","b1-u02-l04-p01-s01-t08","8","job-job-noun","job","job-noun-01","word","job","job","工作","meaning","noun 名詞","noun 名詞","noun 名詞","核心內容","","","","","","b1-u02-l04-pattern","","","","","","","","","","","web_speech_fallback","pending","","","","","TRUE","FALSE","FALSE","TRUE","pilot_review_required"
"B1","b1-u03","意見、理由與簡單論證","b1-u03-p01","1","b1-u03-l01-s01","1","b1-u03-l01-pattern","I think plus opinion","B1","TRUE","b1-u03-l01","提出個人看法","I think public transportation is very useful.","我認為大眾運輸非常實用。","I think plus opinion","b1-u03-l01-p01-s01-t01","1","i-i-pronoun","i","i-pronoun-01","word","I","i","我","meaning","pronoun 代名詞","pronoun 代名詞","pronoun 代名詞","指稱或限定","i-think","I think","我認為","1","用來引出個人意見。","b1-u03-l01-pattern","","","","","","","","","","","web_speech_fallback","pending","","","","","FALSE","TRUE","TRUE","TRUE","pilot_review_required"
"B1","b1-u03","意見、理由與簡單論證","b1-u03-p01","1","b1-u03-l01-s01","1","b1-u03-l01-pattern","I think plus opinion","B1","TRUE","b1-u03-l01","提出個人看法","I think public transportation is very useful.","我認為大眾運輸非常實用。","I think plus opinion","b1-u03-l01-p01-s01-t02","2","think-think-verb","think","think-verb-01","word","think","think","認為","meaning","verb 動詞","verb 動詞","verb 動詞","動作或狀態","i-think","I think","我認為","1","用來引出個人意見。","b1-u03-l01-pattern","","","","","","","","","","","web_speech_fallback","pending","","","","","TRUE","FALSE","TRUE","TRUE","pilot_review_required"
"B1","b1-u03","意見、理由與簡單論證","b1-u03-p01","1","b1-u03-l01-s01","1","b1-u03-l01-pattern","I think plus opinion","B1","TRUE","b1-u03-l01","提出個人看法","I think public transportation is very useful.","我認為大眾運輸非常實用。","I think plus opinion","b1-u03-l01-p01-s01-t03","3","public-public-adjective","public","public-adjective-01","word","public","public","大眾的／公共的","meaning","adjective 形容詞","adjective 形容詞","adjective 形容詞","特徵描述","","","","","","b1-u03-l01-pattern","","","","","","","","","","","web_speech_fallback","pending","","","","","TRUE","FALSE","FALSE","TRUE","pilot_review_required"
"B1","b1-u03","意見、理由與簡單論證","b1-u03-p01","1","b1-u03-l01-s01","1","b1-u03-l01-pattern","I think plus opinion","B1","TRUE","b1-u03-l01","提出個人看法","I think public transportation is very useful.","我認為大眾運輸非常實用。","I think plus opinion","b1-u03-l01-p01-s01-t04","4","transportation-transportation-noun","transportation","transportation-noun-01","word","transportation","transportation","交通運輸","meaning","noun 名詞","noun 名詞","noun 名詞","核心內容","","","","","","b1-u03-l01-pattern","","","","","","","","","","","web_speech_fallback","pending","","","","","TRUE","FALSE","FALSE","TRUE","pilot_review_required"
"B1","b1-u03","意見、理由與簡單論證","b1-u03-p01","1","b1-u03-l01-s01","1","b1-u03-l01-pattern","I think plus opinion","B1","TRUE","b1-u03-l01","提出個人看法","I think public transportation is very useful.","我認為大眾運輸非常實用。","I think plus opinion","b1-u03-l01-p01-s01-t05","5","is-is-auxiliary","is","is-auxiliary-01","word","is","is","是","grammar","auxiliary verb 助動詞","auxiliary verb 助動詞","auxiliary verb 助動詞","動作或狀態","","","","","","b1-u03-l01-pattern","","","","","","","","","","","web_speech_fallback","pending","","","","","FALSE","FALSE","FALSE","FALSE","pilot_review_required"
"B1","b1-u03","意見、理由與簡單論證","b1-u03-p01","1","b1-u03-l01-s01","1","b1-u03-l01-pattern","I think plus opinion","B1","TRUE","b1-u03-l01","提出個人看法","I think public transportation is very useful.","我認為大眾運輸非常實用。","I think plus opinion","b1-u03-l01-p01-s01-t06","6","very-very-adverb","very","very-adverb-01","word","very","very","非常","meaning","adverb 副詞","adverb 副詞","adverb 副詞","時間、方式或程度","","","","","","b1-u03-l01-pattern","","","","","","","","","","","web_speech_fallback","pending","","","","","TRUE","FALSE","FALSE","TRUE","pilot_review_required"
"B1","b1-u03","意見、理由與簡單論證","b1-u03-p01","1","b1-u03-l01-s01","1","b1-u03-l01-pattern","I think plus opinion","B1","TRUE","b1-u03-l01","提出個人看法","I think public transportation is very useful.","我認為大眾運輸非常實用。","I think plus opinion","b1-u03-l01-p01-s01-t07","7","useful-useful-adjective","useful","useful-adjective-01","word","useful","useful","有用的／實用的","meaning","adjective 形容詞","adjective 形容詞","adjective 形容詞","特徵描述","","","","","","b1-u03-l01-pattern","","","","","","","","","","","web_speech_fallback","pending","","","","","TRUE","FALSE","FALSE","TRUE","pilot_review_required"
"B1","b1-u03","意見、理由與簡單論證","b1-u03-p01","1","b1-u03-l02-s01","2","b1-u03-l02-pattern","preference with because","B1","TRUE","b1-u03-l02","說明偏好與理由","I prefer this plan because it costs less.","我比較喜歡這個方案，因為它花費較少。","preference with because","b1-u03-l02-p01-s01-t01","1","i-i-pronoun","i","i-pronoun-01","word","I","i","我","meaning","pronoun 代名詞","pronoun 代名詞","pronoun 代名詞","指稱或限定","","","","","","b1-u03-l02-pattern","","","","","","","","","","","web_speech_fallback","pending","","","","","FALSE","TRUE","FALSE","TRUE","pilot_review_required"
"B1","b1-u03","意見、理由與簡單論證","b1-u03-p01","1","b1-u03-l02-s01","2","b1-u03-l02-pattern","preference with because","B1","TRUE","b1-u03-l02","說明偏好與理由","I prefer this plan because it costs less.","我比較喜歡這個方案，因為它花費較少。","preference with because","b1-u03-l02-p01-s01-t02","2","prefer-prefer-verb","prefer","prefer-verb-01","word","prefer","prefer","比較喜歡","meaning","verb 動詞","verb 動詞","verb 動詞","動作或狀態","","","","","","b1-u03-l02-pattern","","","","","","","","","","","web_speech_fallback","pending","","","","","TRUE","FALSE","FALSE","TRUE","pilot_review_required"
"B1","b1-u03","意見、理由與簡單論證","b1-u03-p01","1","b1-u03-l02-s01","2","b1-u03-l02-pattern","preference with because","B1","TRUE","b1-u03-l02","說明偏好與理由","I prefer this plan because it costs less.","我比較喜歡這個方案，因為它花費較少。","preference with because","b1-u03-l02-p01-s01-t03","3","this-this-determiner","this","this-determiner-01","word","this","this","這個","grammar","determiner 限定詞","determiner 限定詞","determiner 限定詞","指稱或限定","","","","","","b1-u03-l02-pattern","","","","","","","","","","","web_speech_fallback","pending","","","","","FALSE","FALSE","FALSE","FALSE","pilot_review_required"
"B1","b1-u03","意見、理由與簡單論證","b1-u03-p01","1","b1-u03-l02-s01","2","b1-u03-l02-pattern","preference with because","B1","TRUE","b1-u03-l02","說明偏好與理由","I prefer this plan because it costs less.","我比較喜歡這個方案，因為它花費較少。","preference with because","b1-u03-l02-p01-s01-t04","4","plan-plan-noun","plan","plan-noun-01","word","plan","plan","方案／計畫","meaning","noun 名詞","noun 名詞","noun 名詞","核心內容","","","","","","b1-u03-l02-pattern","","","","","","","","","","","web_speech_fallback","pending","","","","","TRUE","FALSE","FALSE","TRUE","pilot_review_required"
"B1","b1-u03","意見、理由與簡單論證","b1-u03-p01","1","b1-u03-l02-s01","2","b1-u03-l02-pattern","preference with because","B1","TRUE","b1-u03-l02","說明偏好與理由","I prefer this plan because it costs less.","我比較喜歡這個方案，因為它花費較少。","preference with because","b1-u03-l02-p01-s01-t05","5","because-because-conjunction","because","because-conjunction-01","word","because","because","因為","grammar","conjunction 連接詞","conjunction 連接詞","conjunction 連接詞","子句連接","because-it-costs-less","because it costs less","因為它花費較少","1","because 引出理由。","b1-u03-l02-pattern","","","","","","","","","","","web_speech_fallback","pending","","","","","TRUE","FALSE","TRUE","TRUE","pilot_review_required"
"B1","b1-u03","意見、理由與簡單論證","b1-u03-p01","1","b1-u03-l02-s01","2","b1-u03-l02-pattern","preference with because","B1","TRUE","b1-u03-l02","說明偏好與理由","I prefer this plan because it costs less.","我比較喜歡這個方案，因為它花費較少。","preference with because","b1-u03-l02-p01-s01-t06","6","it-it-pronoun","it","it-pronoun-01","word","it","it","它／這件事","meaning","pronoun 代名詞","pronoun 代名詞","pronoun 代名詞","指稱或限定","because-it-costs-less","because it costs less","因為它花費較少","1","because 引出理由。","b1-u03-l02-pattern","","","","","","","","","","","web_speech_fallback","pending","","","","","FALSE","FALSE","TRUE","FALSE","pilot_review_required"
"B1","b1-u03","意見、理由與簡單論證","b1-u03-p01","1","b1-u03-l02-s01","2","b1-u03-l02-pattern","preference with because","B1","TRUE","b1-u03-l02","說明偏好與理由","I prefer this plan because it costs less.","我比較喜歡這個方案，因為它花費較少。","preference with because","b1-u03-l02-p01-s01-t07","7","cost-costs-verb","cost","cost-verb-01","word","costs","cost","花費","meaning","verb 動詞","verb 動詞","verb 動詞","動作或狀態","because-it-costs-less","because it costs less","因為它花費較少","1","because 引出理由。","b1-u03-l02-pattern","","","","","","","","","","","web_speech_fallback","pending","","","","","TRUE","FALSE","TRUE","TRUE","pilot_review_required"
"B1","b1-u03","意見、理由與簡單論證","b1-u03-p01","1","b1-u03-l02-s01","2","b1-u03-l02-pattern","preference with because","B1","TRUE","b1-u03-l02","說明偏好與理由","I prefer this plan because it costs less.","我比較喜歡這個方案，因為它花費較少。","preference with because","b1-u03-l02-p01-s01-t08","8","less-less-adverb","less","less-adverb-01","word","less","less","較少","meaning","adverb 副詞","adverb 副詞","adverb 副詞","時間、方式或程度","because-it-costs-less","because it costs less","因為它花費較少","1","because 引出理由。","b1-u03-l02-pattern","","","","","","","","","","","web_speech_fallback","pending","","","","","TRUE","FALSE","TRUE","TRUE","pilot_review_required"
"B1","b1-u03","意見、理由與簡單論證","b1-u03-p01","1","b1-u03-l03-s01","3","b1-u03-l03-pattern","although for contrast","B1","TRUE","b1-u03-l03","使用讓步連接詞","Although the task was difficult I finished it.","雖然任務很困難，我仍完成了。","although for contrast","b1-u03-l03-p01-s01-t01","1","although-although-conjunction","although","although-conjunction-01","word","Although","although","雖然","grammar","conjunction 連接詞","conjunction 連接詞","conjunction 連接詞","子句連接","although-the-task-was-difficult","although the task was difficult","雖然任務很困難","1","although 引出與主句形成對比的情況。","b1-u03-l03-pattern","","","","","","","","","","","web_speech_fallback","pending","","","","","TRUE","TRUE","TRUE","TRUE","pilot_review_required"
"B1","b1-u03","意見、理由與簡單論證","b1-u03-p01","1","b1-u03-l03-s01","3","b1-u03-l03-pattern","although for contrast","B1","TRUE","b1-u03-l03","使用讓步連接詞","Although the task was difficult I finished it.","雖然任務很困難，我仍完成了。","although for contrast","b1-u03-l03-p01-s01-t02","2","the-the-determiner","the","the-determiner-01","word","the","the","定冠詞（中文通常不翻譯）","grammar","determiner 限定詞","determiner 限定詞","determiner 限定詞","指稱或限定","although-the-task-was-difficult","although the task was difficult","雖然任務很困難","1","although 引出與主句形成對比的情況。","b1-u03-l03-pattern","","","","","","","","","","","web_speech_fallback","pending","","","","","FALSE","FALSE","TRUE","FALSE","pilot_review_required"
"B1","b1-u03","意見、理由與簡單論證","b1-u03-p01","1","b1-u03-l03-s01","3","b1-u03-l03-pattern","although for contrast","B1","TRUE","b1-u03-l03","使用讓步連接詞","Although the task was difficult I finished it.","雖然任務很困難，我仍完成了。","although for contrast","b1-u03-l03-p01-s01-t03","3","task-task-noun","task","task-noun-01","word","task","task","任務","meaning","noun 名詞","noun 名詞","noun 名詞","核心內容","although-the-task-was-difficult","although the task was difficult","雖然任務很困難","1","although 引出與主句形成對比的情況。","b1-u03-l03-pattern","","","","","","","","","","","web_speech_fallback","pending","","","","","TRUE","FALSE","TRUE","TRUE","pilot_review_required"
"B1","b1-u03","意見、理由與簡單論證","b1-u03-p01","1","b1-u03-l03-s01","3","b1-u03-l03-pattern","although for contrast","B1","TRUE","b1-u03-l03","使用讓步連接詞","Although the task was difficult I finished it.","雖然任務很困難，我仍完成了。","although for contrast","b1-u03-l03-p01-s01-t04","4","was-was-auxiliary","was","was-auxiliary-01","word","was","was","是／正在（過去）","grammar","auxiliary verb 助動詞","auxiliary verb 助動詞","auxiliary verb 助動詞","動作或狀態","although-the-task-was-difficult","although the task was difficult","雖然任務很困難","1","although 引出與主句形成對比的情況。","b1-u03-l03-pattern","","","","","","","","","","","web_speech_fallback","pending","","","","","FALSE","FALSE","TRUE","FALSE","pilot_review_required"
"B1","b1-u03","意見、理由與簡單論證","b1-u03-p01","1","b1-u03-l03-s01","3","b1-u03-l03-pattern","although for contrast","B1","TRUE","b1-u03-l03","使用讓步連接詞","Although the task was difficult I finished it.","雖然任務很困難，我仍完成了。","although for contrast","b1-u03-l03-p01-s01-t05","5","difficult-difficult-adjective","difficult","difficult-adjective-01","word","difficult","difficult","困難的","meaning","adjective 形容詞","adjective 形容詞","adjective 形容詞","特徵描述","although-the-task-was-difficult","although the task was difficult","雖然任務很困難","1","although 引出與主句形成對比的情況。","b1-u03-l03-pattern","","","","","","","","","","","web_speech_fallback","pending","","","","","TRUE","FALSE","TRUE","TRUE","pilot_review_required"
"B1","b1-u03","意見、理由與簡單論證","b1-u03-p01","1","b1-u03-l03-s01","3","b1-u03-l03-pattern","although for contrast","B1","TRUE","b1-u03-l03","使用讓步連接詞","Although the task was difficult I finished it.","雖然任務很困難，我仍完成了。","although for contrast","b1-u03-l03-p01-s01-t06","6","i-i-pronoun","i","i-pronoun-01","word","I","i","我","meaning","pronoun 代名詞","pronoun 代名詞","pronoun 代名詞","指稱或限定","","","","","","b1-u03-l03-pattern","","","","","","","","","","","web_speech_fallback","pending","","","","","FALSE","FALSE","FALSE","FALSE","pilot_review_required"
"B1","b1-u03","意見、理由與簡單論證","b1-u03-p01","1","b1-u03-l03-s01","3","b1-u03-l03-pattern","although for contrast","B1","TRUE","b1-u03-l03","使用讓步連接詞","Although the task was difficult I finished it.","雖然任務很困難，我仍完成了。","although for contrast","b1-u03-l03-p01-s01-t07","7","finish-finished-verb","finish","finish-verb-01","word","finished","finish","完成了","meaning","verb 動詞","verb 動詞","verb 動詞","動作或狀態","","","","","","b1-u03-l03-pattern","","","","","","","","","","","web_speech_fallback","pending","","","","","FALSE","FALSE","FALSE","FALSE","pilot_review_required"
"B1","b1-u03","意見、理由與簡單論證","b1-u03-p01","1","b1-u03-l03-s01","3","b1-u03-l03-pattern","although for contrast","B1","TRUE","b1-u03-l03","使用讓步連接詞","Although the task was difficult I finished it.","雖然任務很困難，我仍完成了。","although for contrast","b1-u03-l03-p01-s01-t08","8","it-it-pronoun","it","it-pronoun-01","word","it","it","它／這件事","meaning","pronoun 代名詞","pronoun 代名詞","pronoun 代名詞","指稱或限定","","","","","","b1-u03-l03-pattern","","","","","","","","","","","web_speech_fallback","pending","","","","","FALSE","FALSE","FALSE","FALSE","pilot_review_required"
"B1","b1-u03","意見、理由與簡單論證","b1-u03-p01","1","b1-u03-l04-s01","4","b1-u03-l04-pattern","relative clause with that","B1","TRUE","b1-u03-l04","選擇有益的方案","We should choose the option that helps everyone.","我們應該選擇能幫助大家的方案。","relative clause with that","b1-u03-l04-p01-s01-t01","1","we-we-pronoun","we","we-pronoun-01","word","We","we","我們","meaning","pronoun 代名詞","pronoun 代名詞","pronoun 代名詞","指稱或限定","","","","","","b1-u03-l04-pattern","","","","","","","","","","","web_speech_fallback","pending","","","","","TRUE","TRUE","FALSE","TRUE","pilot_review_required"
"B1","b1-u03","意見、理由與簡單論證","b1-u03-p01","1","b1-u03-l04-s01","4","b1-u03-l04-pattern","relative clause with that","B1","TRUE","b1-u03-l04","選擇有益的方案","We should choose the option that helps everyone.","我們應該選擇能幫助大家的方案。","relative clause with that","b1-u03-l04-p01-s01-t02","2","should-should-auxiliary","should","should-auxiliary-01","word","should","should","應該","grammar","auxiliary verb 助動詞","auxiliary verb 助動詞","auxiliary verb 助動詞","動作或狀態","","","","","","b1-u03-l04-pattern","","","","","","","","","","","web_speech_fallback","pending","","","","","FALSE","FALSE","FALSE","FALSE","pilot_review_required"
"B1","b1-u03","意見、理由與簡單論證","b1-u03-p01","1","b1-u03-l04-s01","4","b1-u03-l04-pattern","relative clause with that","B1","TRUE","b1-u03-l04","選擇有益的方案","We should choose the option that helps everyone.","我們應該選擇能幫助大家的方案。","relative clause with that","b1-u03-l04-p01-s01-t03","3","choose-choose-verb","choose","choose-verb-01","word","choose","choose","選擇","meaning","verb 動詞","verb 動詞","verb 動詞","動作或狀態","","","","","","b1-u03-l04-pattern","","","","","","","","","","","web_speech_fallback","pending","","","","","TRUE","FALSE","FALSE","TRUE","pilot_review_required"
"B1","b1-u03","意見、理由與簡單論證","b1-u03-p01","1","b1-u03-l04-s01","4","b1-u03-l04-pattern","relative clause with that","B1","TRUE","b1-u03-l04","選擇有益的方案","We should choose the option that helps everyone.","我們應該選擇能幫助大家的方案。","relative clause with that","b1-u03-l04-p01-s01-t04","4","the-the-determiner","the","the-determiner-01","word","the","the","定冠詞（中文通常不翻譯）","grammar","determiner 限定詞","determiner 限定詞","determiner 限定詞","指稱或限定","the-option-that-helps-everyone","the option that helps everyone","能幫助大家的方案","1","that 引導關係子句補充 option。","b1-u03-l04-pattern","","","","","","","","","","","web_speech_fallback","pending","","","","","FALSE","FALSE","TRUE","FALSE","pilot_review_required"
"B1","b1-u03","意見、理由與簡單論證","b1-u03-p01","1","b1-u03-l04-s01","4","b1-u03-l04-pattern","relative clause with that","B1","TRUE","b1-u03-l04","選擇有益的方案","We should choose the option that helps everyone.","我們應該選擇能幫助大家的方案。","relative clause with that","b1-u03-l04-p01-s01-t05","5","option-option-noun","option","option-noun-01","word","option","option","選項／方案","meaning","noun 名詞","noun 名詞","noun 名詞","核心內容","the-option-that-helps-everyone","the option that helps everyone","能幫助大家的方案","1","that 引導關係子句補充 option。","b1-u03-l04-pattern","","","","","","","","","","","web_speech_fallback","pending","","","","","TRUE","FALSE","TRUE","TRUE","pilot_review_required"
"B1","b1-u03","意見、理由與簡單論證","b1-u03-p01","1","b1-u03-l04-s01","4","b1-u03-l04-pattern","relative clause with that","B1","TRUE","b1-u03-l04","選擇有益的方案","We should choose the option that helps everyone.","我們應該選擇能幫助大家的方案。","relative clause with that","b1-u03-l04-p01-s01-t06","6","that-that-determiner","that","that-determiner-01","word","that","that","那個／用來連接子句","grammar","determiner 限定詞","determiner 限定詞","determiner 限定詞","指稱或限定","the-option-that-helps-everyone","the option that helps everyone","能幫助大家的方案","1","that 引導關係子句補充 option。","b1-u03-l04-pattern","","","","","","","","","","","web_speech_fallback","pending","","","","","FALSE","FALSE","TRUE","FALSE","pilot_review_required"
"B1","b1-u03","意見、理由與簡單論證","b1-u03-p01","1","b1-u03-l04-s01","4","b1-u03-l04-pattern","relative clause with that","B1","TRUE","b1-u03-l04","選擇有益的方案","We should choose the option that helps everyone.","我們應該選擇能幫助大家的方案。","relative clause with that","b1-u03-l04-p01-s01-t07","7","help-helps-verb","help","help-verb-01","word","helps","help","幫助","meaning","verb 動詞","verb 動詞","verb 動詞","動作或狀態","the-option-that-helps-everyone","the option that helps everyone","能幫助大家的方案","1","that 引導關係子句補充 option。","b1-u03-l04-pattern","","","","","","","","","","","web_speech_fallback","pending","","","","","TRUE","FALSE","TRUE","TRUE","pilot_review_required"
"B1","b1-u03","意見、理由與簡單論證","b1-u03-p01","1","b1-u03-l04-s01","4","b1-u03-l04-pattern","relative clause with that","B1","TRUE","b1-u03-l04","選擇有益的方案","We should choose the option that helps everyone.","我們應該選擇能幫助大家的方案。","relative clause with that","b1-u03-l04-p01-s01-t08","8","everyone-everyone-pronoun","everyone","everyone-pronoun-01","word","everyone","everyone","每個人","meaning","pronoun 代名詞","pronoun 代名詞","pronoun 代名詞","指稱或限定","the-option-that-helps-everyone","the option that helps everyone","能幫助大家的方案","1","that 引導關係子句補充 option。","b1-u03-l04-pattern","","","","","","","","","","","web_speech_fallback","pending","","","","","TRUE","FALSE","TRUE","TRUE","pilot_review_required"
"B1","b1-u04","工作與學習中的溝通","b1-u04-p01","1","b1-u04-l01-s01","1","b1-u04-l01-pattern","polite request with could","B1","TRUE","b1-u04-l01","禮貌請求說明","Could you explain this problem again please?","可以請你再說明一次這個問題嗎？","polite request with could","b1-u04-l01-p01-s01-t01","1","could-could-auxiliary","could","could-auxiliary-01","word","Could","could","可以；能夠（較委婉或假設）","grammar","auxiliary verb 助動詞","auxiliary verb 助動詞","auxiliary verb 助動詞","動作或狀態","could-you-explain","could you explain","可以請你說明嗎","1","Could you... 是較有禮貌的請求。","b1-u04-l01-pattern","","","","","","","","","","","web_speech_fallback","pending","","","","","TRUE","TRUE","TRUE","TRUE","pilot_review_required"
"B1","b1-u04","工作與學習中的溝通","b1-u04-p01","1","b1-u04-l01-s01","1","b1-u04-l01-pattern","polite request with could","B1","TRUE","b1-u04-l01","禮貌請求說明","Could you explain this problem again please?","可以請你再說明一次這個問題嗎？","polite request with could","b1-u04-l01-p01-s01-t02","2","you-you-pronoun","you","you-pronoun-01","word","you","you","你／你們","meaning","pronoun 代名詞","pronoun 代名詞","pronoun 代名詞","指稱或限定","could-you-explain","could you explain","可以請你說明嗎","1","Could you... 是較有禮貌的請求。","b1-u04-l01-pattern","","","","","","","","","","","web_speech_fallback","pending","","","","","FALSE","FALSE","TRUE","FALSE","pilot_review_required"
"B1","b1-u04","工作與學習中的溝通","b1-u04-p01","1","b1-u04-l01-s01","1","b1-u04-l01-pattern","polite request with could","B1","TRUE","b1-u04-l01","禮貌請求說明","Could you explain this problem again please?","可以請你再說明一次這個問題嗎？","polite request with could","b1-u04-l01-p01-s01-t03","3","explain-explain-verb","explain","explain-verb-01","word","explain","explain","說明","meaning","verb 動詞","verb 動詞","verb 動詞","動作或狀態","could-you-explain","could you explain","可以請你說明嗎","1","Could you... 是較有禮貌的請求。","b1-u04-l01-pattern","","","","","","","","","","","web_speech_fallback","pending","","","","","TRUE","FALSE","TRUE","TRUE","pilot_review_required"
"B1","b1-u04","工作與學習中的溝通","b1-u04-p01","1","b1-u04-l01-s01","1","b1-u04-l01-pattern","polite request with could","B1","TRUE","b1-u04-l01","禮貌請求說明","Could you explain this problem again please?","可以請你再說明一次這個問題嗎？","polite request with could","b1-u04-l01-p01-s01-t04","4","this-this-determiner","this","this-determiner-01","word","this","this","這個","grammar","determiner 限定詞","determiner 限定詞","determiner 限定詞","指稱或限定","","","","","","b1-u04-l01-pattern","","","","","","","","","","","web_speech_fallback","pending","","","","","FALSE","FALSE","FALSE","FALSE","pilot_review_required"
"B1","b1-u04","工作與學習中的溝通","b1-u04-p01","1","b1-u04-l01-s01","1","b1-u04-l01-pattern","polite request with could","B1","TRUE","b1-u04-l01","禮貌請求說明","Could you explain this problem again please?","可以請你再說明一次這個問題嗎？","polite request with could","b1-u04-l01-p01-s01-t05","5","problem-problem-noun","problem","problem-noun-01","word","problem","problem","問題","meaning","noun 名詞","noun 名詞","noun 名詞","核心內容","","","","","","b1-u04-l01-pattern","","","","","","","","","","","web_speech_fallback","pending","","","","","TRUE","FALSE","FALSE","TRUE","pilot_review_required"
"B1","b1-u04","工作與學習中的溝通","b1-u04-p01","1","b1-u04-l01-s01","1","b1-u04-l01-pattern","polite request with could","B1","TRUE","b1-u04-l01","禮貌請求說明","Could you explain this problem again please?","可以請你再說明一次這個問題嗎？","polite request with could","b1-u04-l01-p01-s01-t06","6","again-again-adverb","again","again-adverb-01","word","again","again","再一次","meaning","adverb 副詞","adverb 副詞","adverb 副詞","時間、方式或程度","","","","","","b1-u04-l01-pattern","","","","","","","","","","","web_speech_fallback","pending","","","","","TRUE","FALSE","FALSE","TRUE","pilot_review_required"
"B1","b1-u04","工作與學習中的溝通","b1-u04-p01","1","b1-u04-l01-s01","1","b1-u04-l01-pattern","polite request with could","B1","TRUE","b1-u04-l01","禮貌請求說明","Could you explain this problem again please?","可以請你再說明一次這個問題嗎？","polite request with could","b1-u04-l01-p01-s01-t07","7","please-please-adverb","please","please-adverb-01","word","please","please","請","meaning","adverb 副詞","adverb 副詞","adverb 副詞","時間、方式或程度","","","","","","b1-u04-l01-pattern","","","","","","","","","","","web_speech_fallback","pending","","","","","TRUE","FALSE","FALSE","TRUE","pilot_review_required"
"B1","b1-u04","工作與學習中的溝通","b1-u04-p01","1","b1-u04-l02-s01","2","b1-u04-l02-pattern","need to with deadline","B1","TRUE","b1-u04-l02","說明期限","I need to finish the report before Friday.","我需要在星期五以前完成報告。","need to with deadline","b1-u04-l02-p01-s01-t01","1","i-i-pronoun","i","i-pronoun-01","word","I","i","我","meaning","pronoun 代名詞","pronoun 代名詞","pronoun 代名詞","指稱或限定","","","","","","b1-u04-l02-pattern","","","","","","","","","","","web_speech_fallback","pending","","","","","FALSE","TRUE","FALSE","TRUE","pilot_review_required"
"B1","b1-u04","工作與學習中的溝通","b1-u04-p01","1","b1-u04-l02-s01","2","b1-u04-l02-pattern","need to with deadline","B1","TRUE","b1-u04-l02","說明期限","I need to finish the report before Friday.","我需要在星期五以前完成報告。","need to with deadline","b1-u04-l02-p01-s01-t02","2","need-need-verb","need","need-verb-01","word","need","need","需要","meaning","verb 動詞","verb 動詞","verb 動詞","動作或狀態","","","","","","b1-u04-l02-pattern","","","","","","","","","","","web_speech_fallback","pending","","","","","TRUE","FALSE","FALSE","TRUE","pilot_review_required"
"B1","b1-u04","工作與學習中的溝通","b1-u04-p01","1","b1-u04-l02-s01","2","b1-u04-l02-pattern","need to with deadline","B1","TRUE","b1-u04-l02","說明期限","I need to finish the report before Friday.","我需要在星期五以前完成報告。","need to with deadline","b1-u04-l02-p01-s01-t03","3","to-to-preposition","to","to-preposition-01","word","to","to","不定詞標記／到","grammar","preposition 介系詞","preposition 介系詞","preposition 介系詞","片語關係","","","","","","b1-u04-l02-pattern","","","","","","","","","","","web_speech_fallback","pending","","","","","FALSE","FALSE","FALSE","FALSE","pilot_review_required"
"B1","b1-u04","工作與學習中的溝通","b1-u04-p01","1","b1-u04-l02-s01","2","b1-u04-l02-pattern","need to with deadline","B1","TRUE","b1-u04-l02","說明期限","I need to finish the report before Friday.","我需要在星期五以前完成報告。","need to with deadline","b1-u04-l02-p01-s01-t04","4","finish-finish-verb","finish","finish-verb-01","word","finish","finish","完成","meaning","verb 動詞","verb 動詞","verb 動詞","動作或狀態","","","","","","b1-u04-l02-pattern","","","","","","","","","","","web_speech_fallback","pending","","","","","FALSE","FALSE","FALSE","FALSE","pilot_review_required"
"B1","b1-u04","工作與學習中的溝通","b1-u04-p01","1","b1-u04-l02-s01","2","b1-u04-l02-pattern","need to with deadline","B1","TRUE","b1-u04-l02","說明期限","I need to finish the report before Friday.","我需要在星期五以前完成報告。","need to with deadline","b1-u04-l02-p01-s01-t05","5","the-the-determiner","the","the-determiner-01","word","the","the","定冠詞（中文通常不翻譯）","grammar","determiner 限定詞","determiner 限定詞","determiner 限定詞","指稱或限定","","","","","","b1-u04-l02-pattern","","","","","","","","","","","web_speech_fallback","pending","","","","","FALSE","FALSE","FALSE","FALSE","pilot_review_required"
"B1","b1-u04","工作與學習中的溝通","b1-u04-p01","1","b1-u04-l02-s01","2","b1-u04-l02-pattern","need to with deadline","B1","TRUE","b1-u04-l02","說明期限","I need to finish the report before Friday.","我需要在星期五以前完成報告。","need to with deadline","b1-u04-l02-p01-s01-t06","6","report-report-noun","report","report-noun-01","word","report","report","報告","meaning","noun 名詞","noun 名詞","noun 名詞","核心內容","","","","","","b1-u04-l02-pattern","","","","","","","","","","","web_speech_fallback","pending","","","","","TRUE","FALSE","FALSE","TRUE","pilot_review_required"
"B1","b1-u04","工作與學習中的溝通","b1-u04-p01","1","b1-u04-l02-s01","2","b1-u04-l02-pattern","need to with deadline","B1","TRUE","b1-u04-l02","說明期限","I need to finish the report before Friday.","我需要在星期五以前完成報告。","need to with deadline","b1-u04-l02-p01-s01-t07","7","before-before-preposition","before","before-preposition-01","word","before","before","以前／在……之前","grammar","preposition 介系詞","preposition 介系詞","preposition 介系詞","片語關係","before-friday","before Friday","在星期五以前","1","before 標示截止時間。","b1-u04-l02-pattern","","","","","","","","","","","web_speech_fallback","pending","","","","","FALSE","FALSE","TRUE","FALSE","pilot_review_required"
"B1","b1-u04","工作與學習中的溝通","b1-u04-p01","1","b1-u04-l02-s01","2","b1-u04-l02-pattern","need to with deadline","B1","TRUE","b1-u04-l02","說明期限","I need to finish the report before Friday.","我需要在星期五以前完成報告。","need to with deadline","b1-u04-l02-p01-s01-t08","8","friday-friday-noun","friday","friday-noun-01","word","Friday","friday","星期五","meaning","noun 名詞","noun 名詞","noun 名詞","核心內容","before-friday","before Friday","在星期五以前","1","before 標示截止時間。","b1-u04-l02-pattern","","","","","","","","","","","web_speech_fallback","pending","","","","","FALSE","FALSE","TRUE","FALSE","pilot_review_required"
"B1","b1-u04","工作與學習中的溝通","b1-u04-p01","1","b1-u04-l03-s01","3","b1-u04-l03-pattern","relative clause with who","B1","TRUE","b1-u04-l03","描述提供協助的人","The colleague who helped me was very patient.","幫助我的同事非常有耐心。","relative clause with who","b1-u04-l03-p01-s01-t01","1","the-the-determiner","the","the-determiner-01","word","The","the","定冠詞（中文通常不翻譯）","grammar","determiner 限定詞","determiner 限定詞","determiner 限定詞","指稱或限定","the-colleague-who-helped-me","the colleague who helped me","幫助我的同事","1","who 引導關係子句描述人。","b1-u04-l03-pattern","","","","","","","","","","","web_speech_fallback","pending","","","","","FALSE","TRUE","TRUE","TRUE","pilot_review_required"
"B1","b1-u04","工作與學習中的溝通","b1-u04-p01","1","b1-u04-l03-s01","3","b1-u04-l03-pattern","relative clause with who","B1","TRUE","b1-u04-l03","描述提供協助的人","The colleague who helped me was very patient.","幫助我的同事非常有耐心。","relative clause with who","b1-u04-l03-p01-s01-t02","2","colleague-colleague-noun","colleague","colleague-noun-01","word","colleague","colleague","同事","meaning","noun 名詞","noun 名詞","noun 名詞","核心內容","the-colleague-who-helped-me","the colleague who helped me","幫助我的同事","1","who 引導關係子句描述人。","b1-u04-l03-pattern","","","","","","","","","","","web_speech_fallback","pending","","","","","TRUE","FALSE","TRUE","TRUE","pilot_review_required"
"B1","b1-u04","工作與學習中的溝通","b1-u04-p01","1","b1-u04-l03-s01","3","b1-u04-l03-pattern","relative clause with who","B1","TRUE","b1-u04-l03","描述提供協助的人","The colleague who helped me was very patient.","幫助我的同事非常有耐心。","relative clause with who","b1-u04-l03-p01-s01-t03","3","who-who-pronoun","who","who-pronoun-01","word","who","who","用來描述人的關係代名詞","meaning","pronoun 代名詞","pronoun 代名詞","pronoun 代名詞","指稱或限定","the-colleague-who-helped-me","the colleague who helped me","幫助我的同事","1","who 引導關係子句描述人。","b1-u04-l03-pattern","","","","","","","","","","","web_speech_fallback","pending","","","","","TRUE","FALSE","TRUE","TRUE","pilot_review_required"
"B1","b1-u04","工作與學習中的溝通","b1-u04-p01","1","b1-u04-l03-s01","3","b1-u04-l03-pattern","relative clause with who","B1","TRUE","b1-u04-l03","描述提供協助的人","The colleague who helped me was very patient.","幫助我的同事非常有耐心。","relative clause with who","b1-u04-l03-p01-s01-t04","4","help-helped-verb","help","help-verb-01","word","helped","help","幫助了","meaning","verb 動詞","verb 動詞","verb 動詞","動作或狀態","the-colleague-who-helped-me","the colleague who helped me","幫助我的同事","1","who 引導關係子句描述人。","b1-u04-l03-pattern","","","","","","","","","","","web_speech_fallback","pending","","","","","FALSE","FALSE","TRUE","FALSE","pilot_review_required"
"B1","b1-u04","工作與學習中的溝通","b1-u04-p01","1","b1-u04-l03-s01","3","b1-u04-l03-pattern","relative clause with who","B1","TRUE","b1-u04-l03","描述提供協助的人","The colleague who helped me was very patient.","幫助我的同事非常有耐心。","relative clause with who","b1-u04-l03-p01-s01-t05","5","me-me-pronoun","me","me-pronoun-01","word","me","me","我（受詞）","meaning","pronoun 代名詞","pronoun 代名詞","pronoun 代名詞","指稱或限定","the-colleague-who-helped-me","the colleague who helped me","幫助我的同事","1","who 引導關係子句描述人。","b1-u04-l03-pattern","","","","","","","","","","","web_speech_fallback","pending","","","","","FALSE","FALSE","TRUE","FALSE","pilot_review_required"
"B1","b1-u04","工作與學習中的溝通","b1-u04-p01","1","b1-u04-l03-s01","3","b1-u04-l03-pattern","relative clause with who","B1","TRUE","b1-u04-l03","描述提供協助的人","The colleague who helped me was very patient.","幫助我的同事非常有耐心。","relative clause with who","b1-u04-l03-p01-s01-t06","6","was-was-auxiliary","was","was-auxiliary-01","word","was","was","是／正在（過去）","grammar","auxiliary verb 助動詞","auxiliary verb 助動詞","auxiliary verb 助動詞","動作或狀態","","","","","","b1-u04-l03-pattern","","","","","","","","","","","web_speech_fallback","pending","","","","","FALSE","FALSE","FALSE","FALSE","pilot_review_required"
"B1","b1-u04","工作與學習中的溝通","b1-u04-p01","1","b1-u04-l03-s01","3","b1-u04-l03-pattern","relative clause with who","B1","TRUE","b1-u04-l03","描述提供協助的人","The colleague who helped me was very patient.","幫助我的同事非常有耐心。","relative clause with who","b1-u04-l03-p01-s01-t07","7","very-very-adverb","very","very-adverb-01","word","very","very","非常","meaning","adverb 副詞","adverb 副詞","adverb 副詞","時間、方式或程度","","","","","","b1-u04-l03-pattern","","","","","","","","","","","web_speech_fallback","pending","","","","","FALSE","FALSE","FALSE","FALSE","pilot_review_required"
"B1","b1-u04","工作與學習中的溝通","b1-u04-p01","1","b1-u04-l03-s01","3","b1-u04-l03-pattern","relative clause with who","B1","TRUE","b1-u04-l03","描述提供協助的人","The colleague who helped me was very patient.","幫助我的同事非常有耐心。","relative clause with who","b1-u04-l03-p01-s01-t08","8","patient-patient-adjective","patient","patient-adjective-01","word","patient","patient","有耐心的","meaning","adjective 形容詞","adjective 形容詞","adjective 形容詞","特徵描述","","","","","","b1-u04-l03-pattern","","","","","","","","","","","web_speech_fallback","pending","","","","","TRUE","FALSE","FALSE","TRUE","pilot_review_required"
"B1","b1-u04","工作與學習中的溝通","b1-u04-p01","1","b1-u04-l04-s01","4","b1-u04-l04-pattern","agree to plus infinitive","B1","TRUE","b1-u04-l04","確認共同安排","We agreed to meet after the morning class.","我們同意早上的課程結束後見面。","agree to plus infinitive","b1-u04-l04-p01-s01-t01","1","we-we-pronoun","we","we-pronoun-01","word","We","we","我們","meaning","pronoun 代名詞","pronoun 代名詞","pronoun 代名詞","指稱或限定","","","","","","b1-u04-l04-pattern","","","","","","","","","","","web_speech_fallback","pending","","","","","FALSE","TRUE","FALSE","TRUE","pilot_review_required"
"B1","b1-u04","工作與學習中的溝通","b1-u04-p01","1","b1-u04-l04-s01","4","b1-u04-l04-pattern","agree to plus infinitive","B1","TRUE","b1-u04-l04","確認共同安排","We agreed to meet after the morning class.","我們同意早上的課程結束後見面。","agree to plus infinitive","b1-u04-l04-p01-s01-t02","2","agree-agreed-verb","agree","agree-verb-01","word","agreed","agree","同意了","meaning","verb 動詞","verb 動詞","verb 動詞","動作或狀態","agreed-to-meet","agreed to meet","同意見面","1","agree to 後接原形動詞。","b1-u04-l04-pattern","","","","","","","","","","","web_speech_fallback","pending","","","","","TRUE","FALSE","TRUE","TRUE","pilot_review_required"
"B1","b1-u04","工作與學習中的溝通","b1-u04-p01","1","b1-u04-l04-s01","4","b1-u04-l04-pattern","agree to plus infinitive","B1","TRUE","b1-u04-l04","確認共同安排","We agreed to meet after the morning class.","我們同意早上的課程結束後見面。","agree to plus infinitive","b1-u04-l04-p01-s01-t03","3","to-to-preposition","to","to-preposition-01","word","to","to","不定詞標記／到","grammar","preposition 介系詞","preposition 介系詞","preposition 介系詞","片語關係","agreed-to-meet","agreed to meet","同意見面","1","agree to 後接原形動詞。","b1-u04-l04-pattern","","","","","","","","","","","web_speech_fallback","pending","","","","","FALSE","FALSE","TRUE","FALSE","pilot_review_required"
"B1","b1-u04","工作與學習中的溝通","b1-u04-p01","1","b1-u04-l04-s01","4","b1-u04-l04-pattern","agree to plus infinitive","B1","TRUE","b1-u04-l04","確認共同安排","We agreed to meet after the morning class.","我們同意早上的課程結束後見面。","agree to plus infinitive","b1-u04-l04-p01-s01-t04","4","meet-meet-verb","meet","meet-verb-01","word","meet","meet","見面","meaning","verb 動詞","verb 動詞","verb 動詞","動作或狀態","agreed-to-meet","agreed to meet","同意見面","1","agree to 後接原形動詞。","b1-u04-l04-pattern","","","","","","","","","","","web_speech_fallback","pending","","","","","FALSE","FALSE","TRUE","FALSE","pilot_review_required"
"B1","b1-u04","工作與學習中的溝通","b1-u04-p01","1","b1-u04-l04-s01","4","b1-u04-l04-pattern","agree to plus infinitive","B1","TRUE","b1-u04-l04","確認共同安排","We agreed to meet after the morning class.","我們同意早上的課程結束後見面。","agree to plus infinitive","b1-u04-l04-p01-s01-t05","5","after-after-preposition","after","after-preposition-01","word","after","after","在……之後","grammar","preposition 介系詞","preposition 介系詞","preposition 介系詞","片語關係","","","","","","b1-u04-l04-pattern","","","","","","","","","","","web_speech_fallback","pending","","","","","FALSE","FALSE","FALSE","FALSE","pilot_review_required"
"B1","b1-u04","工作與學習中的溝通","b1-u04-p01","1","b1-u04-l04-s01","4","b1-u04-l04-pattern","agree to plus infinitive","B1","TRUE","b1-u04-l04","確認共同安排","We agreed to meet after the morning class.","我們同意早上的課程結束後見面。","agree to plus infinitive","b1-u04-l04-p01-s01-t06","6","the-the-determiner","the","the-determiner-01","word","the","the","定冠詞（中文通常不翻譯）","grammar","determiner 限定詞","determiner 限定詞","determiner 限定詞","指稱或限定","","","","","","b1-u04-l04-pattern","","","","","","","","","","","web_speech_fallback","pending","","","","","FALSE","FALSE","FALSE","FALSE","pilot_review_required"
"B1","b1-u04","工作與學習中的溝通","b1-u04-p01","1","b1-u04-l04-s01","4","b1-u04-l04-pattern","agree to plus infinitive","B1","TRUE","b1-u04-l04","確認共同安排","We agreed to meet after the morning class.","我們同意早上的課程結束後見面。","agree to plus infinitive","b1-u04-l04-p01-s01-t07","7","morning-morning-noun","morning","morning-noun-01","word","morning","morning","早上","meaning","noun 名詞","noun 名詞","noun 名詞","核心內容","","","","","","b1-u04-l04-pattern","","","","","","","","","","","web_speech_fallback","pending","","","","","FALSE","FALSE","FALSE","FALSE","pilot_review_required"
"B1","b1-u04","工作與學習中的溝通","b1-u04-p01","1","b1-u04-l04-s01","4","b1-u04-l04-pattern","agree to plus infinitive","B1","TRUE","b1-u04-l04","確認共同安排","We agreed to meet after the morning class.","我們同意早上的課程結束後見面。","agree to plus infinitive","b1-u04-l04-p01-s01-t08","8","class-class-noun","class","class-noun-01","word","class","class","課程","meaning","noun 名詞","noun 名詞","noun 名詞","核心內容","","","","","","b1-u04-l04-pattern","","","","","","","","","","","web_speech_fallback","pending","","","","","TRUE","FALSE","FALSE","TRUE","pilot_review_required"
"B1","b1-u05","旅行突發狀況與協調","b1-u05-p01","1","b1-u05-l01-s01","1","b1-u05-l01-pattern","cause and result with so","B1","TRUE","b1-u05-l01","說明延誤造成的結果","My train was delayed so I missed the bus.","我的火車誤點，所以我錯過了公車。","cause and result with so","b1-u05-l01-p01-s01-t01","1","my-my-determiner","my","my-determiner-01","word","My","my","我的","grammar","determiner 限定詞","determiner 限定詞","determiner 限定詞","指稱或限定","","","","","","b1-u05-l01-pattern","","","","","","","","","","","web_speech_fallback","pending","","","","","FALSE","TRUE","FALSE","TRUE","pilot_review_required"
"B1","b1-u05","旅行突發狀況與協調","b1-u05-p01","1","b1-u05-l01-s01","1","b1-u05-l01-pattern","cause and result with so","B1","TRUE","b1-u05-l01","說明延誤造成的結果","My train was delayed so I missed the bus.","我的火車誤點，所以我錯過了公車。","cause and result with so","b1-u05-l01-p01-s01-t02","2","train-train-noun","train","train-noun-01","word","train","train","火車","meaning","noun 名詞","noun 名詞","noun 名詞","核心內容","","","","","","b1-u05-l01-pattern","","","","","","","","","","","web_speech_fallback","pending","","","","","FALSE","FALSE","FALSE","FALSE","pilot_review_required"
"B1","b1-u05","旅行突發狀況與協調","b1-u05-p01","1","b1-u05-l01-s01","1","b1-u05-l01-pattern","cause and result with so","B1","TRUE","b1-u05-l01","說明延誤造成的結果","My train was delayed so I missed the bus.","我的火車誤點，所以我錯過了公車。","cause and result with so","b1-u05-l01-p01-s01-t03","3","was-was-auxiliary","was","was-auxiliary-01","word","was","was","是／正在（過去）","grammar","auxiliary verb 助動詞","auxiliary verb 助動詞","auxiliary verb 助動詞","動作或狀態","was-delayed","was delayed","誤點了","1","被動形式描述交通工具發生延誤。","b1-u05-l01-pattern","","","","","","","","","","","web_speech_fallback","pending","","","","","FALSE","FALSE","TRUE","FALSE","pilot_review_required"
"B1","b1-u05","旅行突發狀況與協調","b1-u05-p01","1","b1-u05-l01-s01","1","b1-u05-l01-pattern","cause and result with so","B1","TRUE","b1-u05-l01","說明延誤造成的結果","My train was delayed so I missed the bus.","我的火車誤點，所以我錯過了公車。","cause and result with so","b1-u05-l01-p01-s01-t04","4","delay-delayed-verb","delay","delay-verb-01","word","delayed","delay","延誤的","meaning","verb 動詞","verb 動詞","verb 動詞","動作或狀態","was-delayed","was delayed","誤點了","1","被動形式描述交通工具發生延誤。","b1-u05-l01-pattern","","","","","","","","","","","web_speech_fallback","pending","","","","","TRUE","FALSE","TRUE","TRUE","pilot_review_required"
"B1","b1-u05","旅行突發狀況與協調","b1-u05-p01","1","b1-u05-l01-s01","1","b1-u05-l01-pattern","cause and result with so","B1","TRUE","b1-u05-l01","說明延誤造成的結果","My train was delayed so I missed the bus.","我的火車誤點，所以我錯過了公車。","cause and result with so","b1-u05-l01-p01-s01-t05","5","so-so-conjunction","so","so-conjunction-01","word","so","so","所以","grammar","conjunction 連接詞","conjunction 連接詞","conjunction 連接詞","子句連接","","","","","","b1-u05-l01-pattern","","","","","","","","","","","web_speech_fallback","pending","","","","","TRUE","FALSE","FALSE","TRUE","pilot_review_required"
"B1","b1-u05","旅行突發狀況與協調","b1-u05-p01","1","b1-u05-l01-s01","1","b1-u05-l01-pattern","cause and result with so","B1","TRUE","b1-u05-l01","說明延誤造成的結果","My train was delayed so I missed the bus.","我的火車誤點，所以我錯過了公車。","cause and result with so","b1-u05-l01-p01-s01-t06","6","i-i-pronoun","i","i-pronoun-01","word","I","i","我","meaning","pronoun 代名詞","pronoun 代名詞","pronoun 代名詞","指稱或限定","","","","","","b1-u05-l01-pattern","","","","","","","","","","","web_speech_fallback","pending","","","","","FALSE","FALSE","FALSE","FALSE","pilot_review_required"
"B1","b1-u05","旅行突發狀況與協調","b1-u05-p01","1","b1-u05-l01-s01","1","b1-u05-l01-pattern","cause and result with so","B1","TRUE","b1-u05-l01","說明延誤造成的結果","My train was delayed so I missed the bus.","我的火車誤點，所以我錯過了公車。","cause and result with so","b1-u05-l01-p01-s01-t07","7","miss-missed-verb","miss","miss-verb-01","word","missed","miss","錯過了","meaning","verb 動詞","verb 動詞","verb 動詞","動作或狀態","","","","","","b1-u05-l01-pattern","","","","","","","","","","","web_speech_fallback","pending","","","","","TRUE","FALSE","FALSE","TRUE","pilot_review_required"
"B1","b1-u05","旅行突發狀況與協調","b1-u05-p01","1","b1-u05-l01-s01","1","b1-u05-l01-pattern","cause and result with so","B1","TRUE","b1-u05-l01","說明延誤造成的結果","My train was delayed so I missed the bus.","我的火車誤點，所以我錯過了公車。","cause and result with so","b1-u05-l01-p01-s01-t08","8","the-the-determiner","the","the-determiner-01","word","the","the","定冠詞（中文通常不翻譯）","grammar","determiner 限定詞","determiner 限定詞","determiner 限定詞","指稱或限定","","","","","","b1-u05-l01-pattern","","","","","","","","","","","web_speech_fallback","pending","","","","","FALSE","FALSE","FALSE","FALSE","pilot_review_required"
"B1","b1-u05","旅行突發狀況與協調","b1-u05-p01","1","b1-u05-l01-s01","1","b1-u05-l01-pattern","cause and result with so","B1","TRUE","b1-u05-l01","說明延誤造成的結果","My train was delayed so I missed the bus.","我的火車誤點，所以我錯過了公車。","cause and result with so","b1-u05-l01-p01-s01-t09","9","bus-bus-noun","bus","bus-noun-01","word","bus","bus","公車","meaning","noun 名詞","noun 名詞","noun 名詞","核心內容","","","","","","b1-u05-l01-pattern","","","","","","","","","","","web_speech_fallback","pending","","","","","FALSE","FALSE","FALSE","FALSE","pilot_review_required"
"B1","b1-u05","旅行突發狀況與協調","b1-u05-p01","1","b1-u05-l02-s01","2","b1-u05-l02-pattern","indirect question","B1","TRUE","b1-u05-l02","間接詢問地點","Could you tell me where the station is?","可以請你告訴我車站在哪裡嗎？","indirect question","b1-u05-l02-p01-s01-t01","1","could-could-auxiliary","could","could-auxiliary-01","word","Could","could","可以；能夠（較委婉或假設）","grammar","auxiliary verb 助動詞","auxiliary verb 助動詞","auxiliary verb 助動詞","動作或狀態","could-you-tell-me","could you tell me","可以請你告訴我嗎","1","間接問句使用直述句語序。","b1-u05-l02-pattern","","","","","","","","","","","web_speech_fallback","pending","","","","","FALSE","TRUE","TRUE","TRUE","pilot_review_required"
"B1","b1-u05","旅行突發狀況與協調","b1-u05-p01","1","b1-u05-l02-s01","2","b1-u05-l02-pattern","indirect question","B1","TRUE","b1-u05-l02","間接詢問地點","Could you tell me where the station is?","可以請你告訴我車站在哪裡嗎？","indirect question","b1-u05-l02-p01-s01-t02","2","you-you-pronoun","you","you-pronoun-01","word","you","you","你／你們","meaning","pronoun 代名詞","pronoun 代名詞","pronoun 代名詞","指稱或限定","could-you-tell-me","could you tell me","可以請你告訴我嗎","1","間接問句使用直述句語序。","b1-u05-l02-pattern","","","","","","","","","","","web_speech_fallback","pending","","","","","FALSE","FALSE","TRUE","FALSE","pilot_review_required"
"B1","b1-u05","旅行突發狀況與協調","b1-u05-p01","1","b1-u05-l02-s01","2","b1-u05-l02-pattern","indirect question","B1","TRUE","b1-u05-l02","間接詢問地點","Could you tell me where the station is?","可以請你告訴我車站在哪裡嗎？","indirect question","b1-u05-l02-p01-s01-t03","3","tell-tell-verb","tell","tell-verb-01","word","tell","tell","告訴","meaning","verb 動詞","verb 動詞","verb 動詞","動作或狀態","could-you-tell-me","could you tell me","可以請你告訴我嗎","1","間接問句使用直述句語序。","b1-u05-l02-pattern","","","","","","","","","","","web_speech_fallback","pending","","","","","TRUE","FALSE","TRUE","TRUE","pilot_review_required"
"B1","b1-u05","旅行突發狀況與協調","b1-u05-p01","1","b1-u05-l02-s01","2","b1-u05-l02-pattern","indirect question","B1","TRUE","b1-u05-l02","間接詢問地點","Could you tell me where the station is?","可以請你告訴我車站在哪裡嗎？","indirect question","b1-u05-l02-p01-s01-t04","4","me-me-pronoun","me","me-pronoun-01","word","me","me","我（受詞）","meaning","pronoun 代名詞","pronoun 代名詞","pronoun 代名詞","指稱或限定","could-you-tell-me","could you tell me","可以請你告訴我嗎","1","間接問句使用直述句語序。","b1-u05-l02-pattern","","","","","","","","","","","web_speech_fallback","pending","","","","","FALSE","FALSE","TRUE","FALSE","pilot_review_required"
"B1","b1-u05","旅行突發狀況與協調","b1-u05-p01","1","b1-u05-l02-s01","2","b1-u05-l02-pattern","indirect question","B1","TRUE","b1-u05-l02","間接詢問地點","Could you tell me where the station is?","可以請你告訴我車站在哪裡嗎？","indirect question","b1-u05-l02-p01-s01-t05","5","where-where-adverb","where","where-adverb-01","word","where","where","哪裡／……所在之處","meaning","adverb 副詞","adverb 副詞","adverb 副詞","時間、方式或程度","","","","","","b1-u05-l02-pattern","","","","","","","","","","","web_speech_fallback","pending","","","","","TRUE","FALSE","FALSE","TRUE","pilot_review_required"
"B1","b1-u05","旅行突發狀況與協調","b1-u05-p01","1","b1-u05-l02-s01","2","b1-u05-l02-pattern","indirect question","B1","TRUE","b1-u05-l02","間接詢問地點","Could you tell me where the station is?","可以請你告訴我車站在哪裡嗎？","indirect question","b1-u05-l02-p01-s01-t06","6","the-the-determiner","the","the-determiner-01","word","the","the","定冠詞（中文通常不翻譯）","grammar","determiner 限定詞","determiner 限定詞","determiner 限定詞","指稱或限定","","","","","","b1-u05-l02-pattern","","","","","","","","","","","web_speech_fallback","pending","","","","","FALSE","FALSE","FALSE","FALSE","pilot_review_required"
"B1","b1-u05","旅行突發狀況與協調","b1-u05-p01","1","b1-u05-l02-s01","2","b1-u05-l02-pattern","indirect question","B1","TRUE","b1-u05-l02","間接詢問地點","Could you tell me where the station is?","可以請你告訴我車站在哪裡嗎？","indirect question","b1-u05-l02-p01-s01-t07","7","station-station-noun","station","station-noun-01","word","station","station","車站","meaning","noun 名詞","noun 名詞","noun 名詞","核心內容","","","","","","b1-u05-l02-pattern","","","","","","","","","","","web_speech_fallback","pending","","","","","FALSE","FALSE","FALSE","FALSE","pilot_review_required"
"B1","b1-u05","旅行突發狀況與協調","b1-u05-p01","1","b1-u05-l02-s01","2","b1-u05-l02-pattern","indirect question","B1","TRUE","b1-u05-l02","間接詢問地點","Could you tell me where the station is?","可以請你告訴我車站在哪裡嗎？","indirect question","b1-u05-l02-p01-s01-t08","8","is-is-auxiliary","is","is-auxiliary-01","word","is","is","是","grammar","auxiliary verb 助動詞","auxiliary verb 助動詞","auxiliary verb 助動詞","動作或狀態","","","","","","b1-u05-l02-pattern","","","","","","","","","","","web_speech_fallback","pending","","","","","FALSE","FALSE","FALSE","FALSE","pilot_review_required"
"B1","b1-u05","旅行突發狀況與協調","b1-u05-p01","1","b1-u05-l03-s01","3","b1-u05-l03-pattern","need to for travel changes","B1","TRUE","b1-u05-l03","更改預訂","I need to change my booking for tomorrow.","我需要更改明天的預訂。","need to for travel changes","b1-u05-l03-p01-s01-t01","1","i-i-pronoun","i","i-pronoun-01","word","I","i","我","meaning","pronoun 代名詞","pronoun 代名詞","pronoun 代名詞","指稱或限定","","","","","","b1-u05-l03-pattern","","","","","","","","","","","web_speech_fallback","pending","","","","","FALSE","TRUE","FALSE","TRUE","pilot_review_required"
"B1","b1-u05","旅行突發狀況與協調","b1-u05-p01","1","b1-u05-l03-s01","3","b1-u05-l03-pattern","need to for travel changes","B1","TRUE","b1-u05-l03","更改預訂","I need to change my booking for tomorrow.","我需要更改明天的預訂。","need to for travel changes","b1-u05-l03-p01-s01-t02","2","need-need-verb","need","need-verb-01","word","need","need","需要","meaning","verb 動詞","verb 動詞","verb 動詞","動作或狀態","","","","","","b1-u05-l03-pattern","","","","","","","","","","","web_speech_fallback","pending","","","","","FALSE","FALSE","FALSE","FALSE","pilot_review_required"
"B1","b1-u05","旅行突發狀況與協調","b1-u05-p01","1","b1-u05-l03-s01","3","b1-u05-l03-pattern","need to for travel changes","B1","TRUE","b1-u05-l03","更改預訂","I need to change my booking for tomorrow.","我需要更改明天的預訂。","need to for travel changes","b1-u05-l03-p01-s01-t03","3","to-to-preposition","to","to-preposition-01","word","to","to","不定詞標記／到","grammar","preposition 介系詞","preposition 介系詞","preposition 介系詞","片語關係","","","","","","b1-u05-l03-pattern","","","","","","","","","","","web_speech_fallback","pending","","","","","FALSE","FALSE","FALSE","FALSE","pilot_review_required"
"B1","b1-u05","旅行突發狀況與協調","b1-u05-p01","1","b1-u05-l03-s01","3","b1-u05-l03-pattern","need to for travel changes","B1","TRUE","b1-u05-l03","更改預訂","I need to change my booking for tomorrow.","我需要更改明天的預訂。","need to for travel changes","b1-u05-l03-p01-s01-t04","4","change-change-verb","change","change-verb-01","word","change","change","更改","meaning","verb 動詞","verb 動詞","verb 動詞","動作或狀態","change-my-booking","change my booking","更改我的預訂","1","booking 指已安排好的預訂。","b1-u05-l03-pattern","","","","","","","","","","","web_speech_fallback","pending","","","","","TRUE","FALSE","TRUE","TRUE","pilot_review_required"
"B1","b1-u05","旅行突發狀況與協調","b1-u05-p01","1","b1-u05-l03-s01","3","b1-u05-l03-pattern","need to for travel changes","B1","TRUE","b1-u05-l03","更改預訂","I need to change my booking for tomorrow.","我需要更改明天的預訂。","need to for travel changes","b1-u05-l03-p01-s01-t05","5","my-my-determiner","my","my-determiner-01","word","my","my","我的","grammar","determiner 限定詞","determiner 限定詞","determiner 限定詞","指稱或限定","change-my-booking","change my booking","更改我的預訂","1","booking 指已安排好的預訂。","b1-u05-l03-pattern","","","","","","","","","","","web_speech_fallback","pending","","","","","FALSE","FALSE","TRUE","FALSE","pilot_review_required"
"B1","b1-u05","旅行突發狀況與協調","b1-u05-p01","1","b1-u05-l03-s01","3","b1-u05-l03-pattern","need to for travel changes","B1","TRUE","b1-u05-l03","更改預訂","I need to change my booking for tomorrow.","我需要更改明天的預訂。","need to for travel changes","b1-u05-l03-p01-s01-t06","6","booking-booking-noun","booking","booking-noun-01","word","booking","booking","預訂","meaning","noun 名詞","noun 名詞","noun 名詞","核心內容","change-my-booking","change my booking","更改我的預訂","1","booking 指已安排好的預訂。","b1-u05-l03-pattern","","","","","","","","","","","web_speech_fallback","pending","","","","","TRUE","FALSE","TRUE","TRUE","pilot_review_required"
"B1","b1-u05","旅行突發狀況與協調","b1-u05-p01","1","b1-u05-l03-s01","3","b1-u05-l03-pattern","need to for travel changes","B1","TRUE","b1-u05-l03","更改預訂","I need to change my booking for tomorrow.","我需要更改明天的預訂。","need to for travel changes","b1-u05-l03-p01-s01-t07","7","for-for-preposition","for","for-preposition-01","word","for","for","持續／為了","grammar","preposition 介系詞","preposition 介系詞","preposition 介系詞","片語關係","","","","","","b1-u05-l03-pattern","","","","","","","","","","","web_speech_fallback","pending","","","","","FALSE","FALSE","FALSE","FALSE","pilot_review_required"
"B1","b1-u05","旅行突發狀況與協調","b1-u05-p01","1","b1-u05-l03-s01","3","b1-u05-l03-pattern","need to for travel changes","B1","TRUE","b1-u05-l03","更改預訂","I need to change my booking for tomorrow.","我需要更改明天的預訂。","need to for travel changes","b1-u05-l03-p01-s01-t08","8","tomorrow-tomorrow-noun","tomorrow","tomorrow-noun-01","word","tomorrow","tomorrow","明天","meaning","noun 名詞","noun 名詞","noun 名詞","核心內容","","","","","","b1-u05-l03-pattern","","","","","","","","","","","web_speech_fallback","pending","","","","","FALSE","FALSE","FALSE","FALSE","pilot_review_required"
"B1","b1-u05","旅行突發狀況與協調","b1-u05-p01","1","b1-u05-l04-s01","4","b1-u05-l04-pattern","first conditional for travel","B1","TRUE","b1-u05-l04","天氣條件與行程","If the weather improves we will leave early.","如果天氣好轉，我們會提早出發。","first conditional for travel","b1-u05-l04-p01-s01-t01","1","if-if-conjunction","if","if-conjunction-01","word","If","if","如果","grammar","conjunction 連接詞","conjunction 連接詞","conjunction 連接詞","子句連接","if-the-weather-improves","if the weather improves","如果天氣好轉","1","描述有可能發生的條件。","b1-u05-l04-pattern","","","","","","","","","","","web_speech_fallback","pending","","","","","FALSE","TRUE","TRUE","TRUE","pilot_review_required"
"B1","b1-u05","旅行突發狀況與協調","b1-u05-p01","1","b1-u05-l04-s01","4","b1-u05-l04-pattern","first conditional for travel","B1","TRUE","b1-u05-l04","天氣條件與行程","If the weather improves we will leave early.","如果天氣好轉，我們會提早出發。","first conditional for travel","b1-u05-l04-p01-s01-t02","2","the-the-determiner","the","the-determiner-01","word","the","the","定冠詞（中文通常不翻譯）","grammar","determiner 限定詞","determiner 限定詞","determiner 限定詞","指稱或限定","if-the-weather-improves","if the weather improves","如果天氣好轉","1","描述有可能發生的條件。","b1-u05-l04-pattern","","","","","","","","","","","web_speech_fallback","pending","","","","","FALSE","FALSE","TRUE","FALSE","pilot_review_required"
"B1","b1-u05","旅行突發狀況與協調","b1-u05-p01","1","b1-u05-l04-s01","4","b1-u05-l04-pattern","first conditional for travel","B1","TRUE","b1-u05-l04","天氣條件與行程","If the weather improves we will leave early.","如果天氣好轉，我們會提早出發。","first conditional for travel","b1-u05-l04-p01-s01-t03","3","weather-weather-noun","weather","weather-noun-01","word","weather","weather","天氣","meaning","noun 名詞","noun 名詞","noun 名詞","核心內容","if-the-weather-improves","if the weather improves","如果天氣好轉","1","描述有可能發生的條件。","b1-u05-l04-pattern","","","","","","","","","","","web_speech_fallback","pending","","","","","TRUE","FALSE","TRUE","TRUE","pilot_review_required"
"B1","b1-u05","旅行突發狀況與協調","b1-u05-p01","1","b1-u05-l04-s01","4","b1-u05-l04-pattern","first conditional for travel","B1","TRUE","b1-u05-l04","天氣條件與行程","If the weather improves we will leave early.","如果天氣好轉，我們會提早出發。","first conditional for travel","b1-u05-l04-p01-s01-t04","4","improve-improves-verb","improve","improve-verb-01","word","improves","improve","改善","meaning","verb 動詞","verb 動詞","verb 動詞","動作或狀態","if-the-weather-improves","if the weather improves","如果天氣好轉","1","描述有可能發生的條件。","b1-u05-l04-pattern","","","","","","","","","","","web_speech_fallback","pending","","","","","TRUE","FALSE","TRUE","TRUE","pilot_review_required"
"B1","b1-u05","旅行突發狀況與協調","b1-u05-p01","1","b1-u05-l04-s01","4","b1-u05-l04-pattern","first conditional for travel","B1","TRUE","b1-u05-l04","天氣條件與行程","If the weather improves we will leave early.","如果天氣好轉，我們會提早出發。","first conditional for travel","b1-u05-l04-p01-s01-t05","5","we-we-pronoun","we","we-pronoun-01","word","we","we","我們","meaning","pronoun 代名詞","pronoun 代名詞","pronoun 代名詞","指稱或限定","","","","","","b1-u05-l04-pattern","","","","","","","","","","","web_speech_fallback","pending","","","","","FALSE","FALSE","FALSE","FALSE","pilot_review_required"
"B1","b1-u05","旅行突發狀況與協調","b1-u05-p01","1","b1-u05-l04-s01","4","b1-u05-l04-pattern","first conditional for travel","B1","TRUE","b1-u05-l04","天氣條件與行程","If the weather improves we will leave early.","如果天氣好轉，我們會提早出發。","first conditional for travel","b1-u05-l04-p01-s01-t06","6","will-will-auxiliary","will","will-auxiliary-01","word","will","will","將會","grammar","auxiliary verb 助動詞","auxiliary verb 助動詞","auxiliary verb 助動詞","動作或狀態","","","","","","b1-u05-l04-pattern","","","","","","","","","","","web_speech_fallback","pending","","","","","FALSE","FALSE","FALSE","FALSE","pilot_review_required"
"B1","b1-u05","旅行突發狀況與協調","b1-u05-p01","1","b1-u05-l04-s01","4","b1-u05-l04-pattern","first conditional for travel","B1","TRUE","b1-u05-l04","天氣條件與行程","If the weather improves we will leave early.","如果天氣好轉，我們會提早出發。","first conditional for travel","b1-u05-l04-p01-s01-t07","7","leave-leave-verb","leave","leave-verb-01","word","leave","leave","離開／出發","meaning","verb 動詞","verb 動詞","verb 動詞","動作或狀態","","","","","","b1-u05-l04-pattern","","","","","","","","","","","web_speech_fallback","pending","","","","","FALSE","FALSE","FALSE","FALSE","pilot_review_required"
"B1","b1-u05","旅行突發狀況與協調","b1-u05-p01","1","b1-u05-l04-s01","4","b1-u05-l04-pattern","first conditional for travel","B1","TRUE","b1-u05-l04","天氣條件與行程","If the weather improves we will leave early.","如果天氣好轉，我們會提早出發。","first conditional for travel","b1-u05-l04-p01-s01-t08","8","early-early-adverb","early","early-adverb-01","word","early","early","提早","meaning","adverb 副詞","adverb 副詞","adverb 副詞","時間、方式或程度","","","","","","b1-u05-l04-pattern","","","","","","","","","","","web_speech_fallback","pending","","","","","FALSE","FALSE","FALSE","FALSE","pilot_review_required"
"B1","b1-u06","媒體、科技與日常使用","b1-u06-p01","1","b1-u06-l01-s01","1","b1-u06-l01-pattern","use something to plus verb","B1","TRUE","b1-u06-l01","使用工具安排生活","I use this app to organize my schedule.","我使用這個應用程式安排自己的行程。","use something to plus verb","b1-u06-l01-p01-s01-t01","1","i-i-pronoun","i","i-pronoun-01","word","I","i","我","meaning","pronoun 代名詞","pronoun 代名詞","pronoun 代名詞","指稱或限定","","","","","","b1-u06-l01-pattern","","","","","","","","","","","web_speech_fallback","pending","","","","","FALSE","TRUE","FALSE","TRUE","pilot_review_required"
"B1","b1-u06","媒體、科技與日常使用","b1-u06-p01","1","b1-u06-l01-s01","1","b1-u06-l01-pattern","use something to plus verb","B1","TRUE","b1-u06-l01","使用工具安排生活","I use this app to organize my schedule.","我使用這個應用程式安排自己的行程。","use something to plus verb","b1-u06-l01-p01-s01-t02","2","use-use-verb","use","use-verb-01","word","use","use","使用","meaning","verb 動詞","verb 動詞","verb 動詞","動作或狀態","use-this-app-to","use this app to","使用這個應用程式來","1","to 表示使用工具的目的。","b1-u06-l01-pattern","","","","","","","","","","","web_speech_fallback","pending","","","","","TRUE","FALSE","TRUE","TRUE","pilot_review_required"
"B1","b1-u06","媒體、科技與日常使用","b1-u06-p01","1","b1-u06-l01-s01","1","b1-u06-l01-pattern","use something to plus verb","B1","TRUE","b1-u06-l01","使用工具安排生活","I use this app to organize my schedule.","我使用這個應用程式安排自己的行程。","use something to plus verb","b1-u06-l01-p01-s01-t03","3","this-this-determiner","this","this-determiner-01","word","this","this","這個","grammar","determiner 限定詞","determiner 限定詞","determiner 限定詞","指稱或限定","use-this-app-to","use this app to","使用這個應用程式來","1","to 表示使用工具的目的。","b1-u06-l01-pattern","","","","","","","","","","","web_speech_fallback","pending","","","","","FALSE","FALSE","TRUE","FALSE","pilot_review_required"
"B1","b1-u06","媒體、科技與日常使用","b1-u06-p01","1","b1-u06-l01-s01","1","b1-u06-l01-pattern","use something to plus verb","B1","TRUE","b1-u06-l01","使用工具安排生活","I use this app to organize my schedule.","我使用這個應用程式安排自己的行程。","use something to plus verb","b1-u06-l01-p01-s01-t04","4","app-app-noun","app","app-noun-01","word","app","app","應用程式","meaning","noun 名詞","noun 名詞","noun 名詞","核心內容","use-this-app-to","use this app to","使用這個應用程式來","1","to 表示使用工具的目的。","b1-u06-l01-pattern","","","","","","","","","","","web_speech_fallback","pending","","","","","TRUE","FALSE","TRUE","TRUE","pilot_review_required"
"B1","b1-u06","媒體、科技與日常使用","b1-u06-p01","1","b1-u06-l01-s01","1","b1-u06-l01-pattern","use something to plus verb","B1","TRUE","b1-u06-l01","使用工具安排生活","I use this app to organize my schedule.","我使用這個應用程式安排自己的行程。","use something to plus verb","b1-u06-l01-p01-s01-t05","5","to-to-preposition","to","to-preposition-01","word","to","to","不定詞標記／到","grammar","preposition 介系詞","preposition 介系詞","preposition 介系詞","片語關係","use-this-app-to","use this app to","使用這個應用程式來","1","to 表示使用工具的目的。","b1-u06-l01-pattern","","","","","","","","","","","web_speech_fallback","pending","","","","","FALSE","FALSE","TRUE","FALSE","pilot_review_required"
"B1","b1-u06","媒體、科技與日常使用","b1-u06-p01","1","b1-u06-l01-s01","1","b1-u06-l01-pattern","use something to plus verb","B1","TRUE","b1-u06-l01","使用工具安排生活","I use this app to organize my schedule.","我使用這個應用程式安排自己的行程。","use something to plus verb","b1-u06-l01-p01-s01-t06","6","organize-organize-verb","organize","organize-verb-01","word","organize","organize","安排／整理","meaning","verb 動詞","verb 動詞","verb 動詞","動作或狀態","","","","","","b1-u06-l01-pattern","","","","","","","","","","","web_speech_fallback","pending","","","","","TRUE","FALSE","FALSE","TRUE","pilot_review_required"
"B1","b1-u06","媒體、科技與日常使用","b1-u06-p01","1","b1-u06-l01-s01","1","b1-u06-l01-pattern","use something to plus verb","B1","TRUE","b1-u06-l01","使用工具安排生活","I use this app to organize my schedule.","我使用這個應用程式安排自己的行程。","use something to plus verb","b1-u06-l01-p01-s01-t07","7","my-my-determiner","my","my-determiner-01","word","my","my","我的","grammar","determiner 限定詞","determiner 限定詞","determiner 限定詞","指稱或限定","","","","","","b1-u06-l01-pattern","","","","","","","","","","","web_speech_fallback","pending","","","","","FALSE","FALSE","FALSE","FALSE","pilot_review_required"
"B1","b1-u06","媒體、科技與日常使用","b1-u06-p01","1","b1-u06-l01-s01","1","b1-u06-l01-pattern","use something to plus verb","B1","TRUE","b1-u06-l01","使用工具安排生活","I use this app to organize my schedule.","我使用這個應用程式安排自己的行程。","use something to plus verb","b1-u06-l01-p01-s01-t08","8","schedule-schedule-noun","schedule","schedule-noun-01","word","schedule","schedule","行程／作息","meaning","noun 名詞","noun 名詞","noun 名詞","核心內容","","","","","","b1-u06-l01-pattern","","","","","","","","","","","web_speech_fallback","pending","","","","","TRUE","FALSE","FALSE","TRUE","pilot_review_required"
"B1","b1-u06","媒體、科技與日常使用","b1-u06-p01","1","b1-u06-l02-s01","2","b1-u06-l02-pattern","past passive","B1","TRUE","b1-u06-l02","描述傳送錯誤","The message was sent to the wrong person.","訊息被傳給錯的人了。","past passive","b1-u06-l02-p01-s01-t01","1","the-the-determiner","the","the-determiner-01","word","The","the","定冠詞（中文通常不翻譯）","grammar","determiner 限定詞","determiner 限定詞","determiner 限定詞","指稱或限定","","","","","","b1-u06-l02-pattern","","","","","","","","","","","web_speech_fallback","pending","","","","","FALSE","TRUE","FALSE","TRUE","pilot_review_required"
"B1","b1-u06","媒體、科技與日常使用","b1-u06-p01","1","b1-u06-l02-s01","2","b1-u06-l02-pattern","past passive","B1","TRUE","b1-u06-l02","描述傳送錯誤","The message was sent to the wrong person.","訊息被傳給錯的人了。","past passive","b1-u06-l02-p01-s01-t02","2","message-message-noun","message","message-noun-01","word","message","message","訊息","meaning","noun 名詞","noun 名詞","noun 名詞","核心內容","","","","","","b1-u06-l02-pattern","","","","","","","","","","","web_speech_fallback","pending","","","","","TRUE","FALSE","FALSE","TRUE","pilot_review_required"
"B1","b1-u06","媒體、科技與日常使用","b1-u06-p01","1","b1-u06-l02-s01","2","b1-u06-l02-pattern","past passive","B1","TRUE","b1-u06-l02","描述傳送錯誤","The message was sent to the wrong person.","訊息被傳給錯的人了。","past passive","b1-u06-l02-p01-s01-t03","3","was-was-auxiliary","was","was-auxiliary-01","word","was","was","是／正在（過去）","grammar","auxiliary verb 助動詞","auxiliary verb 助動詞","auxiliary verb 助動詞","動作或狀態","was-sent","was sent","被傳送","1","被動語態聚焦訊息受到的動作。","b1-u06-l02-pattern","","","","","","","","","","","web_speech_fallback","pending","","","","","FALSE","FALSE","TRUE","FALSE","pilot_review_required"
"B1","b1-u06","媒體、科技與日常使用","b1-u06-p01","1","b1-u06-l02-s01","2","b1-u06-l02-pattern","past passive","B1","TRUE","b1-u06-l02","描述傳送錯誤","The message was sent to the wrong person.","訊息被傳給錯的人了。","past passive","b1-u06-l02-p01-s01-t04","4","send-sent-verb","send","send-verb-01","word","sent","send","傳送","meaning","verb 動詞","verb 動詞","verb 動詞","動作或狀態","was-sent","was sent","被傳送","1","被動語態聚焦訊息受到的動作。","b1-u06-l02-pattern","","","","","","","","","","","web_speech_fallback","pending","","","","","TRUE","FALSE","TRUE","TRUE","pilot_review_required"
"B1","b1-u06","媒體、科技與日常使用","b1-u06-p01","1","b1-u06-l02-s01","2","b1-u06-l02-pattern","past passive","B1","TRUE","b1-u06-l02","描述傳送錯誤","The message was sent to the wrong person.","訊息被傳給錯的人了。","past passive","b1-u06-l02-p01-s01-t05","5","to-to-preposition","to","to-preposition-01","word","to","to","不定詞標記／到","grammar","preposition 介系詞","preposition 介系詞","preposition 介系詞","片語關係","","","","","","b1-u06-l02-pattern","","","","","","","","","","","web_speech_fallback","pending","","","","","FALSE","FALSE","FALSE","FALSE","pilot_review_required"
"B1","b1-u06","媒體、科技與日常使用","b1-u06-p01","1","b1-u06-l02-s01","2","b1-u06-l02-pattern","past passive","B1","TRUE","b1-u06-l02","描述傳送錯誤","The message was sent to the wrong person.","訊息被傳給錯的人了。","past passive","b1-u06-l02-p01-s01-t06","6","the-the-determiner","the","the-determiner-01","word","the","the","定冠詞（中文通常不翻譯）","grammar","determiner 限定詞","determiner 限定詞","determiner 限定詞","指稱或限定","","","","","","b1-u06-l02-pattern","","","","","","","","","","","web_speech_fallback","pending","","","","","FALSE","FALSE","FALSE","FALSE","pilot_review_required"
"B1","b1-u06","媒體、科技與日常使用","b1-u06-p01","1","b1-u06-l02-s01","2","b1-u06-l02-pattern","past passive","B1","TRUE","b1-u06-l02","描述傳送錯誤","The message was sent to the wrong person.","訊息被傳給錯的人了。","past passive","b1-u06-l02-p01-s01-t07","7","wrong-wrong-adjective","wrong","wrong-adjective-01","word","wrong","wrong","錯誤的","meaning","adjective 形容詞","adjective 形容詞","adjective 形容詞","特徵描述","","","","","","b1-u06-l02-pattern","","","","","","","","","","","web_speech_fallback","pending","","","","","TRUE","FALSE","FALSE","TRUE","pilot_review_required"
"B1","b1-u06","媒體、科技與日常使用","b1-u06-p01","1","b1-u06-l02-s01","2","b1-u06-l02-pattern","past passive","B1","TRUE","b1-u06-l02","描述傳送錯誤","The message was sent to the wrong person.","訊息被傳給錯的人了。","past passive","b1-u06-l02-p01-s01-t08","8","person-person-noun","person","person-noun-01","word","person","person","人","meaning","noun 名詞","noun 名詞","noun 名詞","核心內容","","","","","","b1-u06-l02-pattern","","","","","","","","","","","web_speech_fallback","pending","","","","","TRUE","FALSE","FALSE","TRUE","pilot_review_required"
"B1","b1-u06","媒體、科技與日常使用","b1-u06-p01","1","b1-u06-l03-s01","3","b1-u06-l03-pattern","present perfect for a current period","B1","TRUE","b1-u06-l03","談近期使用時間","I have spent less time online this week.","我這星期花在網路上的時間比較少。","present perfect for a current period","b1-u06-l03-p01-s01-t01","1","i-i-pronoun","i","i-pronoun-01","word","I","i","我","meaning","pronoun 代名詞","pronoun 代名詞","pronoun 代名詞","指稱或限定","","","","","","b1-u06-l03-pattern","","","","","","","","","","","web_speech_fallback","pending","","","","","FALSE","TRUE","FALSE","TRUE","pilot_review_required"
"B1","b1-u06","媒體、科技與日常使用","b1-u06-p01","1","b1-u06-l03-s01","3","b1-u06-l03-pattern","present perfect for a current period","B1","TRUE","b1-u06-l03","談近期使用時間","I have spent less time online this week.","我這星期花在網路上的時間比較少。","present perfect for a current period","b1-u06-l03-p01-s01-t02","2","have-have-auxiliary","have","have-auxiliary-01","word","have","have","已經／有","grammar","auxiliary verb 助動詞","auxiliary verb 助動詞","auxiliary verb 助動詞","動作或狀態","","","","","","b1-u06-l03-pattern","","","","","","","","","","","web_speech_fallback","pending","","","","","FALSE","FALSE","FALSE","FALSE","pilot_review_required"
"B1","b1-u06","媒體、科技與日常使用","b1-u06-p01","1","b1-u06-l03-s01","3","b1-u06-l03-pattern","present perfect for a current period","B1","TRUE","b1-u06-l03","談近期使用時間","I have spent less time online this week.","我這星期花在網路上的時間比較少。","present perfect for a current period","b1-u06-l03-p01-s01-t03","3","spend-spent-verb","spend","spend-verb-01","word","spent","spend","花費了","meaning","verb 動詞","verb 動詞","verb 動詞","動作或狀態","","","","","","b1-u06-l03-pattern","","","","","","","","","","","web_speech_fallback","pending","","","","","TRUE","FALSE","FALSE","TRUE","pilot_review_required"
"B1","b1-u06","媒體、科技與日常使用","b1-u06-p01","1","b1-u06-l03-s01","3","b1-u06-l03-pattern","present perfect for a current period","B1","TRUE","b1-u06-l03","談近期使用時間","I have spent less time online this week.","我這星期花在網路上的時間比較少。","present perfect for a current period","b1-u06-l03-p01-s01-t04","4","less-less-adverb","less","less-adverb-01","word","less","less","較少","meaning","adverb 副詞","adverb 副詞","adverb 副詞","時間、方式或程度","","","","","","b1-u06-l03-pattern","","","","","","","","","","","web_speech_fallback","pending","","","","","FALSE","FALSE","FALSE","FALSE","pilot_review_required"
"B1","b1-u06","媒體、科技與日常使用","b1-u06-p01","1","b1-u06-l03-s01","3","b1-u06-l03-pattern","present perfect for a current period","B1","TRUE","b1-u06-l03","談近期使用時間","I have spent less time online this week.","我這星期花在網路上的時間比較少。","present perfect for a current period","b1-u06-l03-p01-s01-t05","5","time-time-noun","time","time-noun-01","word","time","time","時間","meaning","noun 名詞","noun 名詞","noun 名詞","核心內容","","","","","","b1-u06-l03-pattern","","","","","","","","","","","web_speech_fallback","pending","","","","","TRUE","FALSE","FALSE","TRUE","pilot_review_required"
"B1","b1-u06","媒體、科技與日常使用","b1-u06-p01","1","b1-u06-l03-s01","3","b1-u06-l03-pattern","present perfect for a current period","B1","TRUE","b1-u06-l03","談近期使用時間","I have spent less time online this week.","我這星期花在網路上的時間比較少。","present perfect for a current period","b1-u06-l03-p01-s01-t06","6","online-online-adverb","online","online-adverb-01","word","online","online","網路上","meaning","adverb 副詞","adverb 副詞","adverb 副詞","時間、方式或程度","","","","","","b1-u06-l03-pattern","","","","","","","","","","","web_speech_fallback","pending","","","","","TRUE","FALSE","FALSE","TRUE","pilot_review_required"
"B1","b1-u06","媒體、科技與日常使用","b1-u06-p01","1","b1-u06-l03-s01","3","b1-u06-l03-pattern","present perfect for a current period","B1","TRUE","b1-u06-l03","談近期使用時間","I have spent less time online this week.","我這星期花在網路上的時間比較少。","present perfect for a current period","b1-u06-l03-p01-s01-t07","7","this-this-determiner","this","this-determiner-01","word","this","this","這個","grammar","determiner 限定詞","determiner 限定詞","determiner 限定詞","指稱或限定","this-week","this week","這星期","1","尚未結束的時間範圍常搭配現在完成式。","b1-u06-l03-pattern","","","","","","","","","","","web_speech_fallback","pending","","","","","FALSE","FALSE","TRUE","FALSE","pilot_review_required"
"B1","b1-u06","媒體、科技與日常使用","b1-u06-p01","1","b1-u06-l03-s01","3","b1-u06-l03-pattern","present perfect for a current period","B1","TRUE","b1-u06-l03","談近期使用時間","I have spent less time online this week.","我這星期花在網路上的時間比較少。","present perfect for a current period","b1-u06-l03-p01-s01-t08","8","week-week-noun","week","week-noun-01","word","week","week","星期","meaning","noun 名詞","noun 名詞","noun 名詞","核心內容","this-week","this week","這星期","1","尚未結束的時間範圍常搭配現在完成式。","b1-u06-l03-pattern","","","","","","","","","","","web_speech_fallback","pending","","","","","TRUE","FALSE","TRUE","TRUE","pilot_review_required"
"B1","b1-u06","媒體、科技與日常使用","b1-u06-p01","1","b1-u06-l04-s01","4","b1-u06-l04-pattern","make plus object plus adjective","B1","TRUE","b1-u06-l04","說明科技的效益","Technology can make daily tasks more convenient.","科技可以讓日常工作更方便。","make plus object plus adjective","b1-u06-l04-p01-s01-t01","1","technology-technology-noun","technology","technology-noun-01","word","Technology","technology","科技","meaning","noun 名詞","noun 名詞","noun 名詞","核心內容","","","","","","b1-u06-l04-pattern","","","","","","","","","","","web_speech_fallback","pending","","","","","TRUE","TRUE","FALSE","TRUE","pilot_review_required"
"B1","b1-u06","媒體、科技與日常使用","b1-u06-p01","1","b1-u06-l04-s01","4","b1-u06-l04-pattern","make plus object plus adjective","B1","TRUE","b1-u06-l04","說明科技的效益","Technology can make daily tasks more convenient.","科技可以讓日常工作更方便。","make plus object plus adjective","b1-u06-l04-p01-s01-t02","2","can-can-auxiliary","can","can-auxiliary-01","word","can","can","可以／能夠","grammar","auxiliary verb 助動詞","auxiliary verb 助動詞","auxiliary verb 助動詞","動作或狀態","","","","","","b1-u06-l04-pattern","","","","","","","","","","","web_speech_fallback","pending","","","","","FALSE","FALSE","FALSE","FALSE","pilot_review_required"
"B1","b1-u06","媒體、科技與日常使用","b1-u06-p01","1","b1-u06-l04-s01","4","b1-u06-l04-pattern","make plus object plus adjective","B1","TRUE","b1-u06-l04","說明科技的效益","Technology can make daily tasks more convenient.","科技可以讓日常工作更方便。","make plus object plus adjective","b1-u06-l04-p01-s01-t03","3","make-make-verb","make","make-verb-01","word","make","make","使得","meaning","verb 動詞","verb 動詞","verb 動詞","動作或狀態","make-daily-tasks-more-convenient","make daily tasks more convenient","讓日常工作更方便","1","make 可接受詞與形容詞說明造成的結果。","b1-u06-l04-pattern","","","","","","","","","","","web_speech_fallback","pending","","","","","TRUE","FALSE","TRUE","TRUE","pilot_review_required"
"B1","b1-u06","媒體、科技與日常使用","b1-u06-p01","1","b1-u06-l04-s01","4","b1-u06-l04-pattern","make plus object plus adjective","B1","TRUE","b1-u06-l04","說明科技的效益","Technology can make daily tasks more convenient.","科技可以讓日常工作更方便。","make plus object plus adjective","b1-u06-l04-p01-s01-t04","4","daily-daily-adjective","daily","daily-adjective-01","word","daily","daily","日常的","meaning","adjective 形容詞","adjective 形容詞","adjective 形容詞","特徵描述","make-daily-tasks-more-convenient","make daily tasks more convenient","讓日常工作更方便","1","make 可接受詞與形容詞說明造成的結果。","b1-u06-l04-pattern","","","","","","","","","","","web_speech_fallback","pending","","","","","TRUE","FALSE","TRUE","TRUE","pilot_review_required"
"B1","b1-u06","媒體、科技與日常使用","b1-u06-p01","1","b1-u06-l04-s01","4","b1-u06-l04-pattern","make plus object plus adjective","B1","TRUE","b1-u06-l04","說明科技的效益","Technology can make daily tasks more convenient.","科技可以讓日常工作更方便。","make plus object plus adjective","b1-u06-l04-p01-s01-t05","5","task-tasks-noun","task","task-noun-01","word","tasks","task","工作事項","meaning","noun 名詞","noun 名詞","noun 名詞","核心內容","make-daily-tasks-more-convenient","make daily tasks more convenient","讓日常工作更方便","1","make 可接受詞與形容詞說明造成的結果。","b1-u06-l04-pattern","","","","","","","","","","","web_speech_fallback","pending","","","","","FALSE","FALSE","TRUE","FALSE","pilot_review_required"
"B1","b1-u06","媒體、科技與日常使用","b1-u06-p01","1","b1-u06-l04-s01","4","b1-u06-l04-pattern","make plus object plus adjective","B1","TRUE","b1-u06-l04","說明科技的效益","Technology can make daily tasks more convenient.","科技可以讓日常工作更方便。","make plus object plus adjective","b1-u06-l04-p01-s01-t06","6","more-more-adverb","more","more-adverb-01","word","more","more","更多／更","meaning","adverb 副詞","adverb 副詞","adverb 副詞","時間、方式或程度","make-daily-tasks-more-convenient","make daily tasks more convenient","讓日常工作更方便","1","make 可接受詞與形容詞說明造成的結果。","b1-u06-l04-pattern","","","","","","","","","","","web_speech_fallback","pending","","","","","FALSE","FALSE","TRUE","FALSE","pilot_review_required"
"B1","b1-u06","媒體、科技與日常使用","b1-u06-p01","1","b1-u06-l04-s01","4","b1-u06-l04-pattern","make plus object plus adjective","B1","TRUE","b1-u06-l04","說明科技的效益","Technology can make daily tasks more convenient.","科技可以讓日常工作更方便。","make plus object plus adjective","b1-u06-l04-p01-s01-t07","7","convenient-convenient-adjective","convenient","convenient-adjective-01","word","convenient","convenient","方便的","meaning","adjective 形容詞","adjective 形容詞","adjective 形容詞","特徵描述","make-daily-tasks-more-convenient","make daily tasks more convenient","讓日常工作更方便","1","make 可接受詞與形容詞說明造成的結果。","b1-u06-l04-pattern","","","","","","","","","","","web_speech_fallback","pending","","","","","TRUE","FALSE","TRUE","TRUE","pilot_review_required"
"B1","b1-u07","人際關係與社會生活","b1-u07-p01","1","b1-u07-l01-s01","1","b1-u07-l01-pattern","past perfect for an earlier event","B1","TRUE","b1-u07-l01","為疏忽道歉","I apologized because I had forgotten her birthday.","我因為忘了她的生日而道歉。","past perfect for an earlier event","b1-u07-l01-p01-s01-t01","1","i-i-pronoun","i","i-pronoun-01","word","I","i","我","meaning","pronoun 代名詞","pronoun 代名詞","pronoun 代名詞","指稱或限定","","","","","","b1-u07-l01-pattern","","","","","","","","","","","web_speech_fallback","pending","","","","","FALSE","TRUE","FALSE","TRUE","pilot_review_required"
"B1","b1-u07","人際關係與社會生活","b1-u07-p01","1","b1-u07-l01-s01","1","b1-u07-l01-pattern","past perfect for an earlier event","B1","TRUE","b1-u07-l01","為疏忽道歉","I apologized because I had forgotten her birthday.","我因為忘了她的生日而道歉。","past perfect for an earlier event","b1-u07-l01-p01-s01-t02","2","apologize-apologized-verb","apologize","apologize-verb-01","word","apologized","apologize","道歉了","meaning","verb 動詞","verb 動詞","verb 動詞","動作或狀態","","","","","","b1-u07-l01-pattern","","","","","","","","","","","web_speech_fallback","pending","","","","","TRUE","FALSE","FALSE","TRUE","pilot_review_required"
"B1","b1-u07","人際關係與社會生活","b1-u07-p01","1","b1-u07-l01-s01","1","b1-u07-l01-pattern","past perfect for an earlier event","B1","TRUE","b1-u07-l01","為疏忽道歉","I apologized because I had forgotten her birthday.","我因為忘了她的生日而道歉。","past perfect for an earlier event","b1-u07-l01-p01-s01-t03","3","because-because-conjunction","because","because-conjunction-01","word","because","because","因為","grammar","conjunction 連接詞","conjunction 連接詞","conjunction 連接詞","子句連接","","","","","","b1-u07-l01-pattern","","","","","","","","","","","web_speech_fallback","pending","","","","","FALSE","FALSE","FALSE","FALSE","pilot_review_required"
"B1","b1-u07","人際關係與社會生活","b1-u07-p01","1","b1-u07-l01-s01","1","b1-u07-l01-pattern","past perfect for an earlier event","B1","TRUE","b1-u07-l01","為疏忽道歉","I apologized because I had forgotten her birthday.","我因為忘了她的生日而道歉。","past perfect for an earlier event","b1-u07-l01-p01-s01-t04","4","i-i-pronoun","i","i-pronoun-01","word","I","i","我","meaning","pronoun 代名詞","pronoun 代名詞","pronoun 代名詞","指稱或限定","","","","","","b1-u07-l01-pattern","","","","","","","","","","","web_speech_fallback","pending","","","","","FALSE","FALSE","FALSE","FALSE","pilot_review_required"
"B1","b1-u07","人際關係與社會生活","b1-u07-p01","1","b1-u07-l01-s01","1","b1-u07-l01-pattern","past perfect for an earlier event","B1","TRUE","b1-u07-l01","為疏忽道歉","I apologized because I had forgotten her birthday.","我因為忘了她的生日而道歉。","past perfect for an earlier event","b1-u07-l01-p01-s01-t05","5","had-had-auxiliary","had","had-auxiliary-01","word","had","had","已經／有（過去式）","grammar","auxiliary verb 助動詞","auxiliary verb 助動詞","auxiliary verb 助動詞","動作或狀態","had-forgotten","had forgotten","先前已經忘記","1","過去完成式表示比另一個過去動作更早發生。","b1-u07-l01-pattern","","","","","","","","","","","web_speech_fallback","pending","","","","","TRUE","FALSE","TRUE","TRUE","pilot_review_required"
"B1","b1-u07","人際關係與社會生活","b1-u07-p01","1","b1-u07-l01-s01","1","b1-u07-l01-pattern","past perfect for an earlier event","B1","TRUE","b1-u07-l01","為疏忽道歉","I apologized because I had forgotten her birthday.","我因為忘了她的生日而道歉。","past perfect for an earlier event","b1-u07-l01-p01-s01-t06","6","forget-forgotten-verb","forget","forget-verb-01","word","forgotten","forget","忘記了","meaning","verb 動詞","verb 動詞","verb 動詞","動作或狀態","had-forgotten","had forgotten","先前已經忘記","1","過去完成式表示比另一個過去動作更早發生。","b1-u07-l01-pattern","","","","","","","","","","","web_speech_fallback","pending","","","","","TRUE","FALSE","TRUE","TRUE","pilot_review_required"
"B1","b1-u07","人際關係與社會生活","b1-u07-p01","1","b1-u07-l01-s01","1","b1-u07-l01-pattern","past perfect for an earlier event","B1","TRUE","b1-u07-l01","為疏忽道歉","I apologized because I had forgotten her birthday.","我因為忘了她的生日而道歉。","past perfect for an earlier event","b1-u07-l01-p01-s01-t07","7","her-her-pronoun","her","her-pronoun-01","word","her","her","她的／她","meaning","pronoun 代名詞","pronoun 代名詞","pronoun 代名詞","指稱或限定","","","","","","b1-u07-l01-pattern","","","","","","","","","","","web_speech_fallback","pending","","","","","TRUE","FALSE","FALSE","TRUE","pilot_review_required"
"B1","b1-u07","人際關係與社會生活","b1-u07-p01","1","b1-u07-l01-s01","1","b1-u07-l01-pattern","past perfect for an earlier event","B1","TRUE","b1-u07-l01","為疏忽道歉","I apologized because I had forgotten her birthday.","我因為忘了她的生日而道歉。","past perfect for an earlier event","b1-u07-l01-p01-s01-t08","8","birthday-birthday-noun","birthday","birthday-noun-01","word","birthday","birthday","生日","meaning","noun 名詞","noun 名詞","noun 名詞","核心內容","","","","","","b1-u07-l01-pattern","","","","","","","","","","","web_speech_fallback","pending","","","","","FALSE","FALSE","FALSE","FALSE","pilot_review_required"
"B1","b1-u07","人際關係與社會生活","b1-u07-p01","1","b1-u07-l02-s01","2","b1-u07-l02-pattern","when clause for social situations","B1","TRUE","b1-u07-l02","支持朋友","Good friends listen when someone needs support.","好朋友會在別人需要支持時傾聽。","when clause for social situations","b1-u07-l02-p01-s01-t01","1","good-good-adjective","good","good-adjective-01","word","Good","good","好的","meaning","adjective 形容詞","adjective 形容詞","adjective 形容詞","特徵描述","","","","","","b1-u07-l02-pattern","","","","","","","","","","","web_speech_fallback","pending","","","","","TRUE","TRUE","FALSE","TRUE","pilot_review_required"
"B1","b1-u07","人際關係與社會生活","b1-u07-p01","1","b1-u07-l02-s01","2","b1-u07-l02-pattern","when clause for social situations","B1","TRUE","b1-u07-l02","支持朋友","Good friends listen when someone needs support.","好朋友會在別人需要支持時傾聽。","when clause for social situations","b1-u07-l02-p01-s01-t02","2","friend-friends-noun","friend","friend-noun-01","word","friends","friend","朋友們","meaning","noun 名詞","noun 名詞","noun 名詞","核心內容","","","","","","b1-u07-l02-pattern","","","","","","","","","","","web_speech_fallback","pending","","","","","FALSE","FALSE","FALSE","FALSE","pilot_review_required"
"B1","b1-u07","人際關係與社會生活","b1-u07-p01","1","b1-u07-l02-s01","2","b1-u07-l02-pattern","when clause for social situations","B1","TRUE","b1-u07-l02","支持朋友","Good friends listen when someone needs support.","好朋友會在別人需要支持時傾聽。","when clause for social situations","b1-u07-l02-p01-s01-t03","3","listen-listen-verb","listen","listen-verb-01","word","listen","listen","傾聽","meaning","verb 動詞","verb 動詞","verb 動詞","動作或狀態","","","","","","b1-u07-l02-pattern","","","","","","","","","","","web_speech_fallback","pending","","","","","TRUE","FALSE","FALSE","TRUE","pilot_review_required"
"B1","b1-u07","人際關係與社會生活","b1-u07-p01","1","b1-u07-l02-s01","2","b1-u07-l02-pattern","when clause for social situations","B1","TRUE","b1-u07-l02","支持朋友","Good friends listen when someone needs support.","好朋友會在別人需要支持時傾聽。","when clause for social situations","b1-u07-l02-p01-s01-t04","4","when-when-conjunction","when","when-conjunction-01","word","when","when","當……時","grammar","conjunction 連接詞","conjunction 連接詞","conjunction 連接詞","子句連接","when-someone-needs-support","when someone needs support","當有人需要支持時","1","when 引出需要回應的情況。","b1-u07-l02-pattern","","","","","","","","","","","web_speech_fallback","pending","","","","","FALSE","FALSE","TRUE","FALSE","pilot_review_required"
"B1","b1-u07","人際關係與社會生活","b1-u07-p01","1","b1-u07-l02-s01","2","b1-u07-l02-pattern","when clause for social situations","B1","TRUE","b1-u07-l02","支持朋友","Good friends listen when someone needs support.","好朋友會在別人需要支持時傾聽。","when clause for social situations","b1-u07-l02-p01-s01-t05","5","someone-someone-pronoun","someone","someone-pronoun-01","word","someone","someone","某人","meaning","pronoun 代名詞","pronoun 代名詞","pronoun 代名詞","指稱或限定","when-someone-needs-support","when someone needs support","當有人需要支持時","1","when 引出需要回應的情況。","b1-u07-l02-pattern","","","","","","","","","","","web_speech_fallback","pending","","","","","TRUE","FALSE","TRUE","TRUE","pilot_review_required"
"B1","b1-u07","人際關係與社會生活","b1-u07-p01","1","b1-u07-l02-s01","2","b1-u07-l02-pattern","when clause for social situations","B1","TRUE","b1-u07-l02","支持朋友","Good friends listen when someone needs support.","好朋友會在別人需要支持時傾聽。","when clause for social situations","b1-u07-l02-p01-s01-t06","6","need-needs-verb","need","need-verb-01","word","needs","need","需要","meaning","verb 動詞","verb 動詞","verb 動詞","動作或狀態","when-someone-needs-support","when someone needs support","當有人需要支持時","1","when 引出需要回應的情況。","b1-u07-l02-pattern","","","","","","","","","","","web_speech_fallback","pending","","","","","FALSE","FALSE","TRUE","FALSE","pilot_review_required"
"B1","b1-u07","人際關係與社會生活","b1-u07-p01","1","b1-u07-l02-s01","2","b1-u07-l02-pattern","when clause for social situations","B1","TRUE","b1-u07-l02","支持朋友","Good friends listen when someone needs support.","好朋友會在別人需要支持時傾聽。","when clause for social situations","b1-u07-l02-p01-s01-t07","7","support-support-noun","support","support-noun-01","word","support","support","支持","meaning","noun 名詞","noun 名詞","noun 名詞","核心內容","when-someone-needs-support","when someone needs support","當有人需要支持時","1","when 引出需要回應的情況。","b1-u07-l02-pattern","","","","","","","","","","","web_speech_fallback","pending","","","","","TRUE","FALSE","TRUE","TRUE","pilot_review_required"
"B1","b1-u07","人際關係與社會生活","b1-u07-p01","1","b1-u07-l03-s01","3","b1-u07-l03-pattern","present perfect with since","B1","TRUE","b1-u07-l03","談長期認識的人","We have known each other since high school.","我們從高中起就認識彼此。","present perfect with since","b1-u07-l03-p01-s01-t01","1","we-we-pronoun","we","we-pronoun-01","word","We","we","我們","meaning","pronoun 代名詞","pronoun 代名詞","pronoun 代名詞","指稱或限定","","","","","","b1-u07-l03-pattern","","","","","","","","","","","web_speech_fallback","pending","","","","","FALSE","TRUE","FALSE","TRUE","pilot_review_required"
"B1","b1-u07","人際關係與社會生活","b1-u07-p01","1","b1-u07-l03-s01","3","b1-u07-l03-pattern","present perfect with since","B1","TRUE","b1-u07-l03","談長期認識的人","We have known each other since high school.","我們從高中起就認識彼此。","present perfect with since","b1-u07-l03-p01-s01-t02","2","have-have-auxiliary","have","have-auxiliary-01","word","have","have","已經／有","grammar","auxiliary verb 助動詞","auxiliary verb 助動詞","auxiliary verb 助動詞","動作或狀態","","","","","","b1-u07-l03-pattern","","","","","","","","","","","web_speech_fallback","pending","","","","","FALSE","FALSE","FALSE","FALSE","pilot_review_required"
"B1","b1-u07","人際關係與社會生活","b1-u07-p01","1","b1-u07-l03-s01","3","b1-u07-l03-pattern","present perfect with since","B1","TRUE","b1-u07-l03","談長期認識的人","We have known each other since high school.","我們從高中起就認識彼此。","present perfect with since","b1-u07-l03-p01-s01-t03","3","know-known-verb","know","know-verb-01","word","known","know","認識","meaning","verb 動詞","verb 動詞","verb 動詞","動作或狀態","","","","","","b1-u07-l03-pattern","","","","","","","","","","","web_speech_fallback","pending","","","","","TRUE","FALSE","FALSE","TRUE","pilot_review_required"
"B1","b1-u07","人際關係與社會生活","b1-u07-p01","1","b1-u07-l03-s01","3","b1-u07-l03-pattern","present perfect with since","B1","TRUE","b1-u07-l03","談長期認識的人","We have known each other since high school.","我們從高中起就認識彼此。","present perfect with since","b1-u07-l03-p01-s01-t04","4","each-each-determiner","each","each-determiner-01","word","each","each","每一個","grammar","determiner 限定詞","determiner 限定詞","determiner 限定詞","指稱或限定","each-other","each other","彼此","1","each other 表示雙方互相。","b1-u07-l03-pattern","","","","","","","","","","","web_speech_fallback","pending","","","","","TRUE","FALSE","TRUE","TRUE","pilot_review_required"
"B1","b1-u07","人際關係與社會生活","b1-u07-p01","1","b1-u07-l03-s01","3","b1-u07-l03-pattern","present perfect with since","B1","TRUE","b1-u07-l03","談長期認識的人","We have known each other since high school.","我們從高中起就認識彼此。","present perfect with since","b1-u07-l03-p01-s01-t05","5","other-other-pronoun","other","other-pronoun-01","word","other","other","其他的／彼此的另一方","meaning","pronoun 代名詞","pronoun 代名詞","pronoun 代名詞","指稱或限定","each-other","each other","彼此","1","each other 表示雙方互相。","b1-u07-l03-pattern","","","","","","","","","","","web_speech_fallback","pending","","","","","TRUE","FALSE","TRUE","TRUE","pilot_review_required"
"B1","b1-u07","人際關係與社會生活","b1-u07-p01","1","b1-u07-l03-s01","3","b1-u07-l03-pattern","present perfect with since","B1","TRUE","b1-u07-l03","談長期認識的人","We have known each other since high school.","我們從高中起就認識彼此。","present perfect with since","b1-u07-l03-p01-s01-t06","6","since-since-preposition","since","since-preposition-01","word","since","since","自從","grammar","preposition 介系詞","preposition 介系詞","preposition 介系詞","片語關係","since-high-school","since high school","從高中起","2","since 加起始時間。","b1-u07-l03-pattern","","","","","","","","","","","web_speech_fallback","pending","","","","","TRUE","FALSE","TRUE","TRUE","pilot_review_required"
"B1","b1-u07","人際關係與社會生活","b1-u07-p01","1","b1-u07-l03-s01","3","b1-u07-l03-pattern","present perfect with since","B1","TRUE","b1-u07-l03","談長期認識的人","We have known each other since high school.","我們從高中起就認識彼此。","present perfect with since","b1-u07-l03-p01-s01-t07","7","high-high-adjective","high","high-adjective-01","word","high","high","高等的","meaning","adjective 形容詞","adjective 形容詞","adjective 形容詞","特徵描述","since-high-school","since high school","從高中起","2","since 加起始時間。","b1-u07-l03-pattern","","","","","","","","","","","web_speech_fallback","pending","","","","","TRUE","FALSE","TRUE","TRUE","pilot_review_required"
"B1","b1-u07","人際關係與社會生活","b1-u07-p01","1","b1-u07-l03-s01","3","b1-u07-l03-pattern","present perfect with since","B1","TRUE","b1-u07-l03","談長期認識的人","We have known each other since high school.","我們從高中起就認識彼此。","present perfect with since","b1-u07-l03-p01-s01-t08","8","school-school-noun","school","school-noun-01","word","school","school","學校","meaning","noun 名詞","noun 名詞","noun 名詞","核心內容","since-high-school","since high school","從高中起","2","since 加起始時間。","b1-u07-l03-pattern","","","","","","","","","","","web_speech_fallback","pending","","","","","FALSE","FALSE","TRUE","FALSE","pilot_review_required"
"B1","b1-u07","人際關係與社會生活","b1-u07-p01","1","b1-u07-l04-s01","4","b1-u07-l04-pattern","it is adjective to plus verb","B1","TRUE","b1-u07-l04","尊重不同意見","It is important to respect different opinions.","尊重不同意見很重要。","it is adjective to plus verb","b1-u07-l04-p01-s01-t01","1","it-it-pronoun","it","it-pronoun-01","word","It","it","它／這件事","meaning","pronoun 代名詞","pronoun 代名詞","pronoun 代名詞","指稱或限定","it-is-important-to","it is important to","做某事很重要","1","形式主詞 it 帶出重要性。","b1-u07-l04-pattern","","","","","","","","","","","web_speech_fallback","pending","","","","","FALSE","TRUE","TRUE","TRUE","pilot_review_required"
"B1","b1-u07","人際關係與社會生活","b1-u07-p01","1","b1-u07-l04-s01","4","b1-u07-l04-pattern","it is adjective to plus verb","B1","TRUE","b1-u07-l04","尊重不同意見","It is important to respect different opinions.","尊重不同意見很重要。","it is adjective to plus verb","b1-u07-l04-p01-s01-t02","2","is-is-auxiliary","is","is-auxiliary-01","word","is","is","是","grammar","auxiliary verb 助動詞","auxiliary verb 助動詞","auxiliary verb 助動詞","動作或狀態","it-is-important-to","it is important to","做某事很重要","1","形式主詞 it 帶出重要性。","b1-u07-l04-pattern","","","","","","","","","","","web_speech_fallback","pending","","","","","FALSE","FALSE","TRUE","FALSE","pilot_review_required"
"B1","b1-u07","人際關係與社會生活","b1-u07-p01","1","b1-u07-l04-s01","4","b1-u07-l04-pattern","it is adjective to plus verb","B1","TRUE","b1-u07-l04","尊重不同意見","It is important to respect different opinions.","尊重不同意見很重要。","it is adjective to plus verb","b1-u07-l04-p01-s01-t03","3","important-important-adjective","important","important-adjective-01","word","important","important","重要的","meaning","adjective 形容詞","adjective 形容詞","adjective 形容詞","特徵描述","it-is-important-to","it is important to","做某事很重要","1","形式主詞 it 帶出重要性。","b1-u07-l04-pattern","","","","","","","","","","","web_speech_fallback","pending","","","","","TRUE","FALSE","TRUE","TRUE","pilot_review_required"
"B1","b1-u07","人際關係與社會生活","b1-u07-p01","1","b1-u07-l04-s01","4","b1-u07-l04-pattern","it is adjective to plus verb","B1","TRUE","b1-u07-l04","尊重不同意見","It is important to respect different opinions.","尊重不同意見很重要。","it is adjective to plus verb","b1-u07-l04-p01-s01-t04","4","to-to-preposition","to","to-preposition-01","word","to","to","不定詞標記／到","grammar","preposition 介系詞","preposition 介系詞","preposition 介系詞","片語關係","it-is-important-to","it is important to","做某事很重要","1","形式主詞 it 帶出重要性。","b1-u07-l04-pattern","","","","","","","","","","","web_speech_fallback","pending","","","","","FALSE","FALSE","TRUE","FALSE","pilot_review_required"
"B1","b1-u07","人際關係與社會生活","b1-u07-p01","1","b1-u07-l04-s01","4","b1-u07-l04-pattern","it is adjective to plus verb","B1","TRUE","b1-u07-l04","尊重不同意見","It is important to respect different opinions.","尊重不同意見很重要。","it is adjective to plus verb","b1-u07-l04-p01-s01-t05","5","respect-respect-verb","respect","respect-verb-01","word","respect","respect","尊重","meaning","verb 動詞","verb 動詞","verb 動詞","動作或狀態","","","","","","b1-u07-l04-pattern","","","","","","","","","","","web_speech_fallback","pending","","","","","TRUE","FALSE","FALSE","TRUE","pilot_review_required"
"B1","b1-u07","人際關係與社會生活","b1-u07-p01","1","b1-u07-l04-s01","4","b1-u07-l04-pattern","it is adjective to plus verb","B1","TRUE","b1-u07-l04","尊重不同意見","It is important to respect different opinions.","尊重不同意見很重要。","it is adjective to plus verb","b1-u07-l04-p01-s01-t06","6","different-different-adjective","different","different-adjective-01","word","different","different","不同的","meaning","adjective 形容詞","adjective 形容詞","adjective 形容詞","特徵描述","","","","","","b1-u07-l04-pattern","","","","","","","","","","","web_speech_fallback","pending","","","","","TRUE","FALSE","FALSE","TRUE","pilot_review_required"
"B1","b1-u07","人際關係與社會生活","b1-u07-p01","1","b1-u07-l04-s01","4","b1-u07-l04-pattern","it is adjective to plus verb","B1","TRUE","b1-u07-l04","尊重不同意見","It is important to respect different opinions.","尊重不同意見很重要。","it is adjective to plus verb","b1-u07-l04-p01-s01-t07","7","opinion-opinions-noun","opinion","opinion-noun-01","word","opinions","opinion","意見","meaning","noun 名詞","noun 名詞","noun 名詞","核心內容","","","","","","b1-u07-l04-pattern","","","","","","","","","","","web_speech_fallback","pending","","","","","TRUE","FALSE","FALSE","TRUE","pilot_review_required"
"B1","b1-u08","B1 整合敘事文章","b1-u08-p01","1","b1-u08-l01-s01","1","b1-u08-l01-pattern","past decision with infinitive","B1","TRUE","b1-u08-l01","開始改變生活","Last year I decided to change my daily routine.","去年我決定改變日常作息。","past decision with infinitive","b1-u08-l01-p01-s01-t01","1","last-last-determiner","last","last-determiner-01","word","Last","last","上一個／去年","grammar","determiner 限定詞","determiner 限定詞","determiner 限定詞","指稱或限定","","","","","","b1-u08-l01-pattern","","","","","","","","","","","web_speech_fallback","pending","","","","","FALSE","TRUE","FALSE","TRUE","pilot_review_required"
"B1","b1-u08","B1 整合敘事文章","b1-u08-p01","1","b1-u08-l01-s01","1","b1-u08-l01-pattern","past decision with infinitive","B1","TRUE","b1-u08-l01","開始改變生活","Last year I decided to change my daily routine.","去年我決定改變日常作息。","past decision with infinitive","b1-u08-l01-p01-s01-t02","2","year-year-noun","year","year-noun-01","word","year","year","年","meaning","noun 名詞","noun 名詞","noun 名詞","核心內容","","","","","","b1-u08-l01-pattern","","","","","","","","","","","web_speech_fallback","pending","","","","","FALSE","FALSE","FALSE","FALSE","pilot_review_required"
"B1","b1-u08","B1 整合敘事文章","b1-u08-p01","1","b1-u08-l01-s01","1","b1-u08-l01-pattern","past decision with infinitive","B1","TRUE","b1-u08-l01","開始改變生活","Last year I decided to change my daily routine.","去年我決定改變日常作息。","past decision with infinitive","b1-u08-l01-p01-s01-t03","3","i-i-pronoun","i","i-pronoun-01","word","I","i","我","meaning","pronoun 代名詞","pronoun 代名詞","pronoun 代名詞","指稱或限定","","","","","","b1-u08-l01-pattern","","","","","","","","","","","web_speech_fallback","pending","","","","","FALSE","FALSE","FALSE","FALSE","pilot_review_required"
"B1","b1-u08","B1 整合敘事文章","b1-u08-p01","1","b1-u08-l01-s01","1","b1-u08-l01-pattern","past decision with infinitive","B1","TRUE","b1-u08-l01","開始改變生活","Last year I decided to change my daily routine.","去年我決定改變日常作息。","past decision with infinitive","b1-u08-l01-p01-s01-t04","4","decide-decided-verb","decide","decide-verb-01","word","decided","decide","決定了","meaning","verb 動詞","verb 動詞","verb 動詞","動作或狀態","decided-to-change","decided to change","決定改變","1","decide to 後接原形動詞。","b1-u08-l01-pattern","","","","","","","","","","","web_speech_fallback","pending","","","","","TRUE","FALSE","TRUE","TRUE","pilot_review_required"
"B1","b1-u08","B1 整合敘事文章","b1-u08-p01","1","b1-u08-l01-s01","1","b1-u08-l01-pattern","past decision with infinitive","B1","TRUE","b1-u08-l01","開始改變生活","Last year I decided to change my daily routine.","去年我決定改變日常作息。","past decision with infinitive","b1-u08-l01-p01-s01-t05","5","to-to-preposition","to","to-preposition-01","word","to","to","不定詞標記／到","grammar","preposition 介系詞","preposition 介系詞","preposition 介系詞","片語關係","decided-to-change","decided to change","決定改變","1","decide to 後接原形動詞。","b1-u08-l01-pattern","","","","","","","","","","","web_speech_fallback","pending","","","","","FALSE","FALSE","TRUE","FALSE","pilot_review_required"
"B1","b1-u08","B1 整合敘事文章","b1-u08-p01","1","b1-u08-l01-s01","1","b1-u08-l01-pattern","past decision with infinitive","B1","TRUE","b1-u08-l01","開始改變生活","Last year I decided to change my daily routine.","去年我決定改變日常作息。","past decision with infinitive","b1-u08-l01-p01-s01-t06","6","change-change-verb","change","change-verb-01","word","change","change","更改","meaning","verb 動詞","verb 動詞","verb 動詞","動作或狀態","decided-to-change","decided to change","決定改變","1","decide to 後接原形動詞。","b1-u08-l01-pattern","","","","","","","","","","","web_speech_fallback","pending","","","","","FALSE","FALSE","TRUE","FALSE","pilot_review_required"
"B1","b1-u08","B1 整合敘事文章","b1-u08-p01","1","b1-u08-l01-s01","1","b1-u08-l01-pattern","past decision with infinitive","B1","TRUE","b1-u08-l01","開始改變生活","Last year I decided to change my daily routine.","去年我決定改變日常作息。","past decision with infinitive","b1-u08-l01-p01-s01-t07","7","my-my-determiner","my","my-determiner-01","word","my","my","我的","grammar","determiner 限定詞","determiner 限定詞","determiner 限定詞","指稱或限定","","","","","","b1-u08-l01-pattern","","","","","","","","","","","web_speech_fallback","pending","","","","","FALSE","FALSE","FALSE","FALSE","pilot_review_required"
"B1","b1-u08","B1 整合敘事文章","b1-u08-p01","1","b1-u08-l01-s01","1","b1-u08-l01-pattern","past decision with infinitive","B1","TRUE","b1-u08-l01","開始改變生活","Last year I decided to change my daily routine.","去年我決定改變日常作息。","past decision with infinitive","b1-u08-l01-p01-s01-t08","8","daily-daily-adjective","daily","daily-adjective-01","word","daily","daily","日常的","meaning","adjective 形容詞","adjective 形容詞","adjective 形容詞","特徵描述","","","","","","b1-u08-l01-pattern","","","","","","","","","","","web_speech_fallback","pending","","","","","FALSE","FALSE","FALSE","FALSE","pilot_review_required"
"B1","b1-u08","B1 整合敘事文章","b1-u08-p01","1","b1-u08-l01-s01","1","b1-u08-l01-pattern","past decision with infinitive","B1","TRUE","b1-u08-l01","開始改變生活","Last year I decided to change my daily routine.","去年我決定改變日常作息。","past decision with infinitive","b1-u08-l01-p01-s01-t09","9","routine-routine-noun","routine","routine-noun-01","word","routine","routine","作息","meaning","noun 名詞","noun 名詞","noun 名詞","核心內容","","","","","","b1-u08-l01-pattern","","","","","","","","","","","web_speech_fallback","pending","","","","","TRUE","FALSE","FALSE","TRUE","pilot_review_required"
"B1","b1-u08","B1 整合敘事文章","b1-u08-p01","1","b1-u08-l02-s01","2","b1-u08-l02-pattern","adjective plus infinitive","B1","TRUE","b1-u08-l02","描述一開始的困難","At first the new schedule was difficult to follow.","一開始，新的作息很難遵循。","adjective plus infinitive","b1-u08-l02-p01-s01-t01","1","at-at-preposition","at","at-preposition-01","word","At","at","在","grammar","preposition 介系詞","preposition 介系詞","preposition 介系詞","片語關係","at-first","at first","一開始","1","用來標示故事的初始階段。","b1-u08-l02-pattern","","","","","","","","","","","web_speech_fallback","pending","","","","","FALSE","TRUE","TRUE","TRUE","pilot_review_required"
"B1","b1-u08","B1 整合敘事文章","b1-u08-p01","1","b1-u08-l02-s01","2","b1-u08-l02-pattern","adjective plus infinitive","B1","TRUE","b1-u08-l02","描述一開始的困難","At first the new schedule was difficult to follow.","一開始，新的作息很難遵循。","adjective plus infinitive","b1-u08-l02-p01-s01-t02","2","first-first-adverb","first","first-adverb-01","word","first","first","一開始／第一","meaning","adverb 副詞","adverb 副詞","adverb 副詞","時間、方式或程度","at-first","at first","一開始","1","用來標示故事的初始階段。","b1-u08-l02-pattern","","","","","","","","","","","web_speech_fallback","pending","","","","","TRUE","FALSE","TRUE","TRUE","pilot_review_required"
"B1","b1-u08","B1 整合敘事文章","b1-u08-p01","1","b1-u08-l02-s01","2","b1-u08-l02-pattern","adjective plus infinitive","B1","TRUE","b1-u08-l02","描述一開始的困難","At first the new schedule was difficult to follow.","一開始，新的作息很難遵循。","adjective plus infinitive","b1-u08-l02-p01-s01-t03","3","the-the-determiner","the","the-determiner-01","word","the","the","定冠詞（中文通常不翻譯）","grammar","determiner 限定詞","determiner 限定詞","determiner 限定詞","指稱或限定","","","","","","b1-u08-l02-pattern","","","","","","","","","","","web_speech_fallback","pending","","","","","FALSE","FALSE","FALSE","FALSE","pilot_review_required"
"B1","b1-u08","B1 整合敘事文章","b1-u08-p01","1","b1-u08-l02-s01","2","b1-u08-l02-pattern","adjective plus infinitive","B1","TRUE","b1-u08-l02","描述一開始的困難","At first the new schedule was difficult to follow.","一開始，新的作息很難遵循。","adjective plus infinitive","b1-u08-l02-p01-s01-t04","4","new-new-adjective","new","new-adjective-01","word","new","new","新的","meaning","adjective 形容詞","adjective 形容詞","adjective 形容詞","特徵描述","","","","","","b1-u08-l02-pattern","","","","","","","","","","","web_speech_fallback","pending","","","","","TRUE","FALSE","FALSE","TRUE","pilot_review_required"
"B1","b1-u08","B1 整合敘事文章","b1-u08-p01","1","b1-u08-l02-s01","2","b1-u08-l02-pattern","adjective plus infinitive","B1","TRUE","b1-u08-l02","描述一開始的困難","At first the new schedule was difficult to follow.","一開始，新的作息很難遵循。","adjective plus infinitive","b1-u08-l02-p01-s01-t05","5","schedule-schedule-noun","schedule","schedule-noun-01","word","schedule","schedule","行程／作息","meaning","noun 名詞","noun 名詞","noun 名詞","核心內容","","","","","","b1-u08-l02-pattern","","","","","","","","","","","web_speech_fallback","pending","","","","","FALSE","FALSE","FALSE","FALSE","pilot_review_required"
"B1","b1-u08","B1 整合敘事文章","b1-u08-p01","1","b1-u08-l02-s01","2","b1-u08-l02-pattern","adjective plus infinitive","B1","TRUE","b1-u08-l02","描述一開始的困難","At first the new schedule was difficult to follow.","一開始，新的作息很難遵循。","adjective plus infinitive","b1-u08-l02-p01-s01-t06","6","was-was-auxiliary","was","was-auxiliary-01","word","was","was","是／正在（過去）","grammar","auxiliary verb 助動詞","auxiliary verb 助動詞","auxiliary verb 助動詞","動作或狀態","","","","","","b1-u08-l02-pattern","","","","","","","","","","","web_speech_fallback","pending","","","","","FALSE","FALSE","FALSE","FALSE","pilot_review_required"
"B1","b1-u08","B1 整合敘事文章","b1-u08-p01","1","b1-u08-l02-s01","2","b1-u08-l02-pattern","adjective plus infinitive","B1","TRUE","b1-u08-l02","描述一開始的困難","At first the new schedule was difficult to follow.","一開始，新的作息很難遵循。","adjective plus infinitive","b1-u08-l02-p01-s01-t07","7","difficult-difficult-adjective","difficult","difficult-adjective-01","word","difficult","difficult","困難的","meaning","adjective 形容詞","adjective 形容詞","adjective 形容詞","特徵描述","","","","","","b1-u08-l02-pattern","","","","","","","","","","","web_speech_fallback","pending","","","","","FALSE","FALSE","FALSE","FALSE","pilot_review_required"
"B1","b1-u08","B1 整合敘事文章","b1-u08-p01","1","b1-u08-l02-s01","2","b1-u08-l02-pattern","adjective plus infinitive","B1","TRUE","b1-u08-l02","描述一開始的困難","At first the new schedule was difficult to follow.","一開始，新的作息很難遵循。","adjective plus infinitive","b1-u08-l02-p01-s01-t08","8","to-to-preposition","to","to-preposition-01","word","to","to","不定詞標記／到","grammar","preposition 介系詞","preposition 介系詞","preposition 介系詞","片語關係","","","","","","b1-u08-l02-pattern","","","","","","","","","","","web_speech_fallback","pending","","","","","FALSE","FALSE","FALSE","FALSE","pilot_review_required"
"B1","b1-u08","B1 整合敘事文章","b1-u08-p01","1","b1-u08-l02-s01","2","b1-u08-l02-pattern","adjective plus infinitive","B1","TRUE","b1-u08-l02","描述一開始的困難","At first the new schedule was difficult to follow.","一開始，新的作息很難遵循。","adjective plus infinitive","b1-u08-l02-p01-s01-t09","9","follow-follow-verb","follow","follow-verb-01","word","follow","follow","遵循","meaning","verb 動詞","verb 動詞","verb 動詞","動作或狀態","","","","","","b1-u08-l02-pattern","","","","","","","","","","","web_speech_fallback","pending","","","","","TRUE","FALSE","FALSE","TRUE","pilot_review_required"
"B1","b1-u08","B1 整合敘事文章","b1-u08-p01","1","b1-u08-l03-s01","3","b1-u08-l03-pattern","keep plus gerund with because","B1","TRUE","b1-u08-l03","持續練習的理由","I kept practicing because I wanted better results.","我持續練習，因為我想要更好的成果。","keep plus gerund with because","b1-u08-l03-p01-s01-t01","1","i-i-pronoun","i","i-pronoun-01","word","I","i","我","meaning","pronoun 代名詞","pronoun 代名詞","pronoun 代名詞","指稱或限定","","","","","","b1-u08-l03-pattern","","","","","","","","","","","web_speech_fallback","pending","","","","","FALSE","TRUE","FALSE","TRUE","pilot_review_required"
"B1","b1-u08","B1 整合敘事文章","b1-u08-p01","1","b1-u08-l03-s01","3","b1-u08-l03-pattern","keep plus gerund with because","B1","TRUE","b1-u08-l03","持續練習的理由","I kept practicing because I wanted better results.","我持續練習，因為我想要更好的成果。","keep plus gerund with because","b1-u08-l03-p01-s01-t02","2","keep-kept-verb","keep","keep-verb-01","word","kept","keep","持續","meaning","verb 動詞","verb 動詞","verb 動詞","動作或狀態","kept-practicing","kept practicing","持續練習","1","keep 後接動名詞表示持續做某事。","b1-u08-l03-pattern","","","","","","","","","","","web_speech_fallback","pending","","","","","TRUE","FALSE","TRUE","TRUE","pilot_review_required"
"B1","b1-u08","B1 整合敘事文章","b1-u08-p01","1","b1-u08-l03-s01","3","b1-u08-l03-pattern","keep plus gerund with because","B1","TRUE","b1-u08-l03","持續練習的理由","I kept practicing because I wanted better results.","我持續練習，因為我想要更好的成果。","keep plus gerund with because","b1-u08-l03-p01-s01-t03","3","practice-practicing-verb","practice","practice-verb-01","word","practicing","practice","練習","meaning","verb 動詞","verb 動詞","verb 動詞","動作或狀態","kept-practicing","kept practicing","持續練習","1","keep 後接動名詞表示持續做某事。","b1-u08-l03-pattern","","","","","","","","","","","web_speech_fallback","pending","","","","","TRUE","FALSE","TRUE","TRUE","pilot_review_required"
"B1","b1-u08","B1 整合敘事文章","b1-u08-p01","1","b1-u08-l03-s01","3","b1-u08-l03-pattern","keep plus gerund with because","B1","TRUE","b1-u08-l03","持續練習的理由","I kept practicing because I wanted better results.","我持續練習，因為我想要更好的成果。","keep plus gerund with because","b1-u08-l03-p01-s01-t04","4","because-because-conjunction","because","because-conjunction-01","word","because","because","因為","grammar","conjunction 連接詞","conjunction 連接詞","conjunction 連接詞","子句連接","","","","","","b1-u08-l03-pattern","","","","","","","","","","","web_speech_fallback","pending","","","","","FALSE","FALSE","FALSE","FALSE","pilot_review_required"
"B1","b1-u08","B1 整合敘事文章","b1-u08-p01","1","b1-u08-l03-s01","3","b1-u08-l03-pattern","keep plus gerund with because","B1","TRUE","b1-u08-l03","持續練習的理由","I kept practicing because I wanted better results.","我持續練習，因為我想要更好的成果。","keep plus gerund with because","b1-u08-l03-p01-s01-t05","5","i-i-pronoun","i","i-pronoun-01","word","I","i","我","meaning","pronoun 代名詞","pronoun 代名詞","pronoun 代名詞","指稱或限定","","","","","","b1-u08-l03-pattern","","","","","","","","","","","web_speech_fallback","pending","","","","","FALSE","FALSE","FALSE","FALSE","pilot_review_required"
"B1","b1-u08","B1 整合敘事文章","b1-u08-p01","1","b1-u08-l03-s01","3","b1-u08-l03-pattern","keep plus gerund with because","B1","TRUE","b1-u08-l03","持續練習的理由","I kept practicing because I wanted better results.","我持續練習，因為我想要更好的成果。","keep plus gerund with because","b1-u08-l03-p01-s01-t06","6","want-wanted-verb","want","want-verb-01","word","wanted","want","想要","meaning","verb 動詞","verb 動詞","verb 動詞","動作或狀態","","","","","","b1-u08-l03-pattern","","","","","","","","","","","web_speech_fallback","pending","","","","","FALSE","FALSE","FALSE","FALSE","pilot_review_required"
"B1","b1-u08","B1 整合敘事文章","b1-u08-p01","1","b1-u08-l03-s01","3","b1-u08-l03-pattern","keep plus gerund with because","B1","TRUE","b1-u08-l03","持續練習的理由","I kept practicing because I wanted better results.","我持續練習，因為我想要更好的成果。","keep plus gerund with because","b1-u08-l03-p01-s01-t07","7","better-better-adjective","better","better-adjective-01","word","better","better","更好的","meaning","adjective 形容詞","adjective 形容詞","adjective 形容詞","特徵描述","","","","","","b1-u08-l03-pattern","","","","","","","","","","","web_speech_fallback","pending","","","","","FALSE","FALSE","FALSE","FALSE","pilot_review_required"
"B1","b1-u08","B1 整合敘事文章","b1-u08-p01","1","b1-u08-l03-s01","3","b1-u08-l03-pattern","keep plus gerund with because","B1","TRUE","b1-u08-l03","持續練習的理由","I kept practicing because I wanted better results.","我持續練習，因為我想要更好的成果。","keep plus gerund with because","b1-u08-l03-p01-s01-t08","8","result-results-noun","result","result-noun-01","word","results","result","成果","meaning","noun 名詞","noun 名詞","noun 名詞","核心內容","","","","","","b1-u08-l03-pattern","","","","","","","","","","","web_speech_fallback","pending","","","","","TRUE","FALSE","FALSE","TRUE","pilot_review_required"
"B1","b1-u08","B1 整合敘事文章","b1-u08-p01","1","b1-u08-l04-s01","4","b1-u08-l04-pattern","comparative adjective for change","B1","TRUE","b1-u08-l04","說明現在的感受","Now I feel more confident about my goals.","現在我對自己的目標更有信心。","comparative adjective for change","b1-u08-l04-p01-s01-t01","1","now-now-adverb","now","now-adverb-01","word","Now","now","現在","meaning","adverb 副詞","adverb 副詞","adverb 副詞","時間、方式或程度","","","","","","b1-u08-l04-pattern","","","","","","","","","","","web_speech_fallback","pending","","","","","TRUE","TRUE","FALSE","TRUE","pilot_review_required"
"B1","b1-u08","B1 整合敘事文章","b1-u08-p01","1","b1-u08-l04-s01","4","b1-u08-l04-pattern","comparative adjective for change","B1","TRUE","b1-u08-l04","說明現在的感受","Now I feel more confident about my goals.","現在我對自己的目標更有信心。","comparative adjective for change","b1-u08-l04-p01-s01-t02","2","i-i-pronoun","i","i-pronoun-01","word","I","i","我","meaning","pronoun 代名詞","pronoun 代名詞","pronoun 代名詞","指稱或限定","","","","","","b1-u08-l04-pattern","","","","","","","","","","","web_speech_fallback","pending","","","","","FALSE","FALSE","FALSE","FALSE","pilot_review_required"
"B1","b1-u08","B1 整合敘事文章","b1-u08-p01","1","b1-u08-l04-s01","4","b1-u08-l04-pattern","comparative adjective for change","B1","TRUE","b1-u08-l04","說明現在的感受","Now I feel more confident about my goals.","現在我對自己的目標更有信心。","comparative adjective for change","b1-u08-l04-p01-s01-t03","3","feel-feel-verb","feel","feel-verb-01","word","feel","feel","感到／感覺","meaning","verb 動詞","verb 動詞","verb 動詞","動作或狀態","feel-more-confident","feel more confident","感到更有信心","1","more 加形容詞表示程度提升。","b1-u08-l04-pattern","","","","","","","","","","","web_speech_fallback","pending","","","","","TRUE","FALSE","TRUE","TRUE","pilot_review_required"
"B1","b1-u08","B1 整合敘事文章","b1-u08-p01","1","b1-u08-l04-s01","4","b1-u08-l04-pattern","comparative adjective for change","B1","TRUE","b1-u08-l04","說明現在的感受","Now I feel more confident about my goals.","現在我對自己的目標更有信心。","comparative adjective for change","b1-u08-l04-p01-s01-t04","4","more-more-adverb","more","more-adverb-01","word","more","more","更多／更","meaning","adverb 副詞","adverb 副詞","adverb 副詞","時間、方式或程度","feel-more-confident","feel more confident","感到更有信心","1","more 加形容詞表示程度提升。","b1-u08-l04-pattern","","","","","","","","","","","web_speech_fallback","pending","","","","","FALSE","FALSE","TRUE","FALSE","pilot_review_required"
"B1","b1-u08","B1 整合敘事文章","b1-u08-p01","1","b1-u08-l04-s01","4","b1-u08-l04-pattern","comparative adjective for change","B1","TRUE","b1-u08-l04","說明現在的感受","Now I feel more confident about my goals.","現在我對自己的目標更有信心。","comparative adjective for change","b1-u08-l04-p01-s01-t05","5","confident-confident-adjective","confident","confident-adjective-01","word","confident","confident","有信心的","meaning","adjective 形容詞","adjective 形容詞","adjective 形容詞","特徵描述","feel-more-confident","feel more confident","感到更有信心","1","more 加形容詞表示程度提升。","b1-u08-l04-pattern","","","","","","","","","","","web_speech_fallback","pending","","","","","TRUE","FALSE","TRUE","TRUE","pilot_review_required"
"B1","b1-u08","B1 整合敘事文章","b1-u08-p01","1","b1-u08-l04-s01","4","b1-u08-l04-pattern","comparative adjective for change","B1","TRUE","b1-u08-l04","說明現在的感受","Now I feel more confident about my goals.","現在我對自己的目標更有信心。","comparative adjective for change","b1-u08-l04-p01-s01-t06","6","about-about-preposition","about","about-preposition-01","word","about","about","關於","grammar","preposition 介系詞","preposition 介系詞","preposition 介系詞","片語關係","","","","","","b1-u08-l04-pattern","","","","","","","","","","","web_speech_fallback","pending","","","","","TRUE","FALSE","FALSE","TRUE","pilot_review_required"
"B1","b1-u08","B1 整合敘事文章","b1-u08-p01","1","b1-u08-l04-s01","4","b1-u08-l04-pattern","comparative adjective for change","B1","TRUE","b1-u08-l04","說明現在的感受","Now I feel more confident about my goals.","現在我對自己的目標更有信心。","comparative adjective for change","b1-u08-l04-p01-s01-t07","7","my-my-determiner","my","my-determiner-01","word","my","my","我的","grammar","determiner 限定詞","determiner 限定詞","determiner 限定詞","指稱或限定","","","","","","b1-u08-l04-pattern","","","","","","","","","","","web_speech_fallback","pending","","","","","FALSE","FALSE","FALSE","FALSE","pilot_review_required"
"B1","b1-u08","B1 整合敘事文章","b1-u08-p01","1","b1-u08-l04-s01","4","b1-u08-l04-pattern","comparative adjective for change","B1","TRUE","b1-u08-l04","說明現在的感受","Now I feel more confident about my goals.","現在我對自己的目標更有信心。","comparative adjective for change","b1-u08-l04-p01-s01-t08","8","goal-goals-noun","goal","goal-noun-01","word","goals","goal","目標","meaning","noun 名詞","noun 名詞","noun 名詞","核心內容","","","","","","b1-u08-l04-pattern","","","","","","","","","","","web_speech_fallback","pending","","","","","FALSE","FALSE","FALSE","FALSE","pilot_review_required"
