"level","unit_id","unit_title","passage_id","passage_order","sentence_id","sentence_order","sentence_pattern_id","pattern_name","pattern_cefr","is_new_sentence_pattern","lesson_id","lesson_title","sentence","translation","grammar","occurrence_id","token_order","token_id","lexeme_id","sense_id","type","answer","lemma","prompt","prompt_type","partOfSpeech","dictionary_pos","context_pos","semanticRole","chunk_id","chunk_text","chunk_translation","chunk_order","chunk_note","pattern_id","kk_us","ipa_us","ipa_standalone","ipa_in_sentence","kk","ipa","syllables","stress_syllable","display_syllables","note","audio_method","audio_status","word_audio_source","audio_source","sentence_audio_source","license","is_new_word","is_new_pattern","is_new_combination","is_new_content","qa_status"
"B2","b2-u01","深入表達觀點與立場","b2-u01-p01","1","b2-u01-l01-s01","1","b2-u01-l01-pattern","opinion framing with in my view","B2","TRUE","b2-u01-l01","說明立場的好處","In my view the proposal offers several practical benefits.","依我看，這項提案帶來幾個實際的好處。","opinion framing with in my view","b2-u01-l01-p01-s01-t01","1","in-in-preposition","in","in-preposition-01","word","In","in","在……裡／依照","grammar","preposition 介系詞","preposition 介系詞","preposition 介系詞","片語關係","in-my-view","in my view","依我看","1","較正式地引出個人觀點。","b2-u01-l01-pattern","","","","","","","","","","","web_speech_fallback","pending","","","","","FALSE","TRUE","TRUE","TRUE","pilot_review_required"
"B2","b2-u01","深入表達觀點與立場","b2-u01-p01","1","b2-u01-l01-s01","1","b2-u01-l01-pattern","opinion framing with in my view","B2","TRUE","b2-u01-l01","說明立場的好處","In my view the proposal offers several practical benefits.","依我看，這項提案帶來幾個實際的好處。","opinion framing with in my view","b2-u01-l01-p01-s01-t02","2","my-my-determiner","my","my-determiner-01","word","my","my","我的","grammar","determiner 限定詞","determiner 限定詞","determiner 限定詞","指稱或限定","in-my-view","in my view","依我看","1","較正式地引出個人觀點。","b2-u01-l01-pattern","","","","","","","","","","","web_speech_fallback","pending","","","","","FALSE","FALSE","TRUE","FALSE","pilot_review_required"
"B2","b2-u01","深入表達觀點與立場","b2-u01-p01","1","b2-u01-l01-s01","1","b2-u01-l01-pattern","opinion framing with in my view","B2","TRUE","b2-u01-l01","說明立場的好處","In my view the proposal offers several practical benefits.","依我看，這項提案帶來幾個實際的好處。","opinion framing with in my view","b2-u01-l01-p01-s01-t03","3","view-view-noun","view","view-noun-01","word","view","view","觀點","meaning","noun 名詞","noun 名詞","noun 名詞","核心內容","in-my-view","in my view","依我看","1","較正式地引出個人觀點。","b2-u01-l01-pattern","","","","","","","","","","","web_speech_fallback","pending","","","","","TRUE","FALSE","TRUE","TRUE","pilot_review_required"
"B2","b2-u01","深入表達觀點與立場","b2-u01-p01","1","b2-u01-l01-s01","1","b2-u01-l01-pattern","opinion framing with in my view","B2","TRUE","b2-u01-l01","說明立場的好處","In my view the proposal offers several practical benefits.","依我看，這項提案帶來幾個實際的好處。","opinion framing with in my view","b2-u01-l01-p01-s01-t04","4","the-the-determiner","the","the-determiner-01","word","the","the","定冠詞（中文通常不翻譯）","grammar","determiner 限定詞","determiner 限定詞","determiner 限定詞","指稱或限定","","","","","","b2-u01-l01-pattern","","","","","","","","","","","web_speech_fallback","pending","","","","","FALSE","FALSE","FALSE","FALSE","pilot_review_required"
"B2","b2-u01","深入表達觀點與立場","b2-u01-p01","1","b2-u01-l01-s01","1","b2-u01-l01-pattern","opinion framing with in my view","B2","TRUE","b2-u01-l01","說明立場的好處","In my view the proposal offers several practical benefits.","依我看，這項提案帶來幾個實際的好處。","opinion framing with in my view","b2-u01-l01-p01-s01-t05","5","proposal-proposal-noun","proposal","proposal-noun-01","word","proposal","proposal","提案","meaning","noun 名詞","noun 名詞","noun 名詞","核心內容","","","","","","b2-u01-l01-pattern","","","","","","","","","","","web_speech_fallback","pending","","","","","TRUE","FALSE","FALSE","TRUE","pilot_review_required"
"B2","b2-u01","深入表達觀點與立場","b2-u01-p01","1","b2-u01-l01-s01","1","b2-u01-l01-pattern","opinion framing with in my view","B2","TRUE","b2-u01-l01","說明立場的好處","In my view the proposal offers several practical benefits.","依我看，這項提案帶來幾個實際的好處。","opinion framing with in my view","b2-u01-l01-p01-s01-t06","6","offer-offers-verb","offer","offer-verb-01","word","offers","offer","提供","meaning","verb 動詞","verb 動詞","verb 動詞","動作或狀態","","","","","","b2-u01-l01-pattern","","","","","","","","","","","web_speech_fallback","pending","","","","","TRUE","FALSE","FALSE","TRUE","pilot_review_required"
"B2","b2-u01","深入表達觀點與立場","b2-u01-p01","1","b2-u01-l01-s01","1","b2-u01-l01-pattern","opinion framing with in my view","B2","TRUE","b2-u01-l01","說明立場的好處","In my view the proposal offers several practical benefits.","依我看，這項提案帶來幾個實際的好處。","opinion framing with in my view","b2-u01-l01-p01-s01-t07","7","several-several-determiner","several","several-determiner-01","word","several","several","幾個","grammar","determiner 限定詞","determiner 限定詞","determiner 限定詞","指稱或限定","","","","","","b2-u01-l01-pattern","","","","","","","","","","","web_speech_fallback","pending","","","","","TRUE","FALSE","FALSE","TRUE","pilot_review_required"
"B2","b2-u01","深入表達觀點與立場","b2-u01-p01","1","b2-u01-l01-s01","1","b2-u01-l01-pattern","opinion framing with in my view","B2","TRUE","b2-u01-l01","說明立場的好處","In my view the proposal offers several practical benefits.","依我看，這項提案帶來幾個實際的好處。","opinion framing with in my view","b2-u01-l01-p01-s01-t08","8","practical-practical-adjective","practical","practical-adjective-01","word","practical","practical","實際的","meaning","adjective 形容詞","adjective 形容詞","adjective 形容詞","特徵描述","","","","","","b2-u01-l01-pattern","","","","","","","","","","","web_speech_fallback","pending","","","","","TRUE","FALSE","FALSE","TRUE","pilot_review_required"
"B2","b2-u01","深入表達觀點與立場","b2-u01-p01","1","b2-u01-l01-s01","1","b2-u01-l01-pattern","opinion framing with in my view","B2","TRUE","b2-u01-l01","說明立場的好處","In my view the proposal offers several practical benefits.","依我看，這項提案帶來幾個實際的好處。","opinion framing with in my view","b2-u01-l01-p01-s01-t09","9","benefit-benefits-noun","benefit","benefit-noun-01","word","benefits","benefit","使……受益／好處（依句中用法）","meaning","noun 名詞","noun 名詞","noun 名詞","核心內容","","","","","","b2-u01-l01-pattern","","","","","","","","","","","web_speech_fallback","pending","","","","","TRUE","FALSE","FALSE","TRUE","pilot_review_required"
"B2","b2-u01","深入表達觀點與立場","b2-u01-p01","1","b2-u01-l02-s01","2","b2-u01-l02-pattern","concession before a position","B2","TRUE","b2-u01-l02","承認疑慮後表態","Although I understand your concern I support the change.","雖然我理解你的疑慮，但我支持這項改變。","concession before a position","b2-u01-l02-p01-s01-t01","1","although-although-conjunction","although","although-conjunction-01","word","Although","although","雖然","grammar","conjunction 連接詞","conjunction 連接詞","conjunction 連接詞","子句連接","although-i-understand-your-concern","although I understand your concern","雖然我理解你的疑慮","1","先承認對方觀點，再提出自己的立場。","b2-u01-l02-pattern","","","","","","","","","","","web_speech_fallback","pending","","","","","FALSE","TRUE","TRUE","TRUE","pilot_review_required"
"B2","b2-u01","深入表達觀點與立場","b2-u01-p01","1","b2-u01-l02-s01","2","b2-u01-l02-pattern","concession before a position","B2","TRUE","b2-u01-l02","承認疑慮後表態","Although I understand your concern I support the change.","雖然我理解你的疑慮，但我支持這項改變。","concession before a position","b2-u01-l02-p01-s01-t02","2","i-i-pronoun","i","i-pronoun-01","word","I","i","我","meaning","pronoun 代名詞","pronoun 代名詞","pronoun 代名詞","指稱或限定","although-i-understand-your-concern","although I understand your concern","雖然我理解你的疑慮","1","先承認對方觀點，再提出自己的立場。","b2-u01-l02-pattern","","","","","","","","","","","web_speech_fallback","pending","","","","","FALSE","FALSE","TRUE","FALSE","pilot_review_required"
"B2","b2-u01","深入表達觀點與立場","b2-u01-p01","1","b2-u01-l02-s01","2","b2-u01-l02-pattern","concession before a position","B2","TRUE","b2-u01-l02","承認疑慮後表態","Although I understand your concern I support the change.","雖然我理解你的疑慮，但我支持這項改變。","concession before a position","b2-u01-l02-p01-s01-t03","3","understand-understand-verb","understand","understand-verb-01","word","understand","understand","理解","meaning","verb 動詞","verb 動詞","verb 動詞","動作或狀態","although-i-understand-your-concern","although I understand your concern","雖然我理解你的疑慮","1","先承認對方觀點，再提出自己的立場。","b2-u01-l02-pattern","","","","","","","","","","","web_speech_fallback","pending","","","","","TRUE","FALSE","TRUE","TRUE","pilot_review_required"
"B2","b2-u01","深入表達觀點與立場","b2-u01-p01","1","b2-u01-l02-s01","2","b2-u01-l02-pattern","concession before a position","B2","TRUE","b2-u01-l02","承認疑慮後表態","Although I understand your concern I support the change.","雖然我理解你的疑慮，但我支持這項改變。","concession before a position","b2-u01-l02-p01-s01-t04","4","your-your-determiner","your","your-determiner-01","word","your","your","你的","grammar","determiner 限定詞","determiner 限定詞","determiner 限定詞","指稱或限定","although-i-understand-your-concern","although I understand your concern","雖然我理解你的疑慮","1","先承認對方觀點，再提出自己的立場。","b2-u01-l02-pattern","","","","","","","","","","","web_speech_fallback","pending","","","","","TRUE","FALSE","TRUE","TRUE","pilot_review_required"
"B2","b2-u01","深入表達觀點與立場","b2-u01-p01","1","b2-u01-l02-s01","2","b2-u01-l02-pattern","concession before a position","B2","TRUE","b2-u01-l02","承認疑慮後表態","Although I understand your concern I support the change.","雖然我理解你的疑慮，但我支持這項改變。","concession before a position","b2-u01-l02-p01-s01-t05","5","concern-concern-noun","concern","concern-noun-01","word","concern","concern","疑慮","meaning","noun 名詞","noun 名詞","noun 名詞","核心內容","although-i-understand-your-concern","although I understand your concern","雖然我理解你的疑慮","1","先承認對方觀點，再提出自己的立場。","b2-u01-l02-pattern","","","","","","","","","","","web_speech_fallback","pending","","","","","TRUE","FALSE","TRUE","TRUE","pilot_review_required"
"B2","b2-u01","深入表達觀點與立場","b2-u01-p01","1","b2-u01-l02-s01","2","b2-u01-l02-pattern","concession before a position","B2","TRUE","b2-u01-l02","承認疑慮後表態","Although I understand your concern I support the change.","雖然我理解你的疑慮，但我支持這項改變。","concession before a position","b2-u01-l02-p01-s01-t06","6","i-i-pronoun","i","i-pronoun-01","word","I","i","我","meaning","pronoun 代名詞","pronoun 代名詞","pronoun 代名詞","指稱或限定","","","","","","b2-u01-l02-pattern","","","","","","","","","","","web_speech_fallback","pending","","","","","FALSE","FALSE","FALSE","FALSE","pilot_review_required"
"B2","b2-u01","深入表達觀點與立場","b2-u01-p01","1","b2-u01-l02-s01","2","b2-u01-l02-pattern","concession before a position","B2","TRUE","b2-u01-l02","承認疑慮後表態","Although I understand your concern I support the change.","雖然我理解你的疑慮，但我支持這項改變。","concession before a position","b2-u01-l02-p01-s01-t07","7","support-support-verb","support","support-verb-01","word","support","support","支持","meaning","verb 動詞","verb 動詞","verb 動詞","動作或狀態","","","","","","b2-u01-l02-pattern","","","","","","","","","","","web_speech_fallback","pending","","","","","FALSE","FALSE","FALSE","FALSE","pilot_review_required"
"B2","b2-u01","深入表達觀點與立場","b2-u01-p01","1","b2-u01-l02-s01","2","b2-u01-l02-pattern","concession before a position","B2","TRUE","b2-u01-l02","承認疑慮後表態","Although I understand your concern I support the change.","雖然我理解你的疑慮，但我支持這項改變。","concession before a position","b2-u01-l02-p01-s01-t08","8","the-the-determiner","the","the-determiner-01","word","the","the","定冠詞（中文通常不翻譯）","grammar","determiner 限定詞","determiner 限定詞","determiner 限定詞","指稱或限定","","","","","","b2-u01-l02-pattern","","","","","","","","","","","web_speech_fallback","pending","","","","","FALSE","FALSE","FALSE","FALSE","pilot_review_required"
"B2","b2-u01","深入表達觀點與立場","b2-u01-p01","1","b2-u01-l02-s01","2","b2-u01-l02-pattern","concession before a position","B2","TRUE","b2-u01-l02","承認疑慮後表態","Although I understand your concern I support the change.","雖然我理解你的疑慮，但我支持這項改變。","concession before a position","b2-u01-l02-p01-s01-t09","9","change-change-noun","change","change-noun-01","word","change","change","更改","meaning","noun 名詞","noun 名詞","noun 名詞","核心內容","","","","","","b2-u01-l02-pattern","","","","","","","","","","","web_speech_fallback","pending","","","","","FALSE","FALSE","FALSE","FALSE","pilot_review_required"
"B2","b2-u01","深入表達觀點與立場","b2-u01-p01","1","b2-u01-l03-s01","3","b2-u01-l03-pattern","whether clause as complement","B2","TRUE","b2-u01-l03","指出核心判斷","The main issue is whether the plan will remain effective.","主要問題是這個方案是否會持續有效。","whether clause as complement","b2-u01-l03-p01-s01-t01","1","the-the-determiner","the","the-determiner-01","word","The","the","定冠詞（中文通常不翻譯）","grammar","determiner 限定詞","determiner 限定詞","determiner 限定詞","指稱或限定","","","","","","b2-u01-l03-pattern","","","","","","","","","","","web_speech_fallback","pending","","","","","FALSE","TRUE","FALSE","TRUE","pilot_review_required"
"B2","b2-u01","深入表達觀點與立場","b2-u01-p01","1","b2-u01-l03-s01","3","b2-u01-l03-pattern","whether clause as complement","B2","TRUE","b2-u01-l03","指出核心判斷","The main issue is whether the plan will remain effective.","主要問題是這個方案是否會持續有效。","whether clause as complement","b2-u01-l03-p01-s01-t02","2","main-main-adjective","main","main-adjective-01","word","main","main","主要的","meaning","adjective 形容詞","adjective 形容詞","adjective 形容詞","特徵描述","","","","","","b2-u01-l03-pattern","","","","","","","","","","","web_speech_fallback","pending","","","","","TRUE","FALSE","FALSE","TRUE","pilot_review_required"
"B2","b2-u01","深入表達觀點與立場","b2-u01-p01","1","b2-u01-l03-s01","3","b2-u01-l03-pattern","whether clause as complement","B2","TRUE","b2-u01-l03","指出核心判斷","The main issue is whether the plan will remain effective.","主要問題是這個方案是否會持續有效。","whether clause as complement","b2-u01-l03-p01-s01-t03","3","issue-issue-noun","issue","issue-noun-01","word","issue","issue","問題","meaning","noun 名詞","noun 名詞","noun 名詞","核心內容","","","","","","b2-u01-l03-pattern","","","","","","","","","","","web_speech_fallback","pending","","","","","TRUE","FALSE","FALSE","TRUE","pilot_review_required"
"B2","b2-u01","深入表達觀點與立場","b2-u01-p01","1","b2-u01-l03-s01","3","b2-u01-l03-pattern","whether clause as complement","B2","TRUE","b2-u01-l03","指出核心判斷","The main issue is whether the plan will remain effective.","主要問題是這個方案是否會持續有效。","whether clause as complement","b2-u01-l03-p01-s01-t04","4","is-is-auxiliary","is","is-auxiliary-01","word","is","is","是","grammar","auxiliary verb 助動詞","auxiliary verb 助動詞","auxiliary verb 助動詞","動作或狀態","","","","","","b2-u01-l03-pattern","","","","","","","","","","","web_speech_fallback","pending","","","","","FALSE","FALSE","FALSE","FALSE","pilot_review_required"
"B2","b2-u01","深入表達觀點與立場","b2-u01-p01","1","b2-u01-l03-s01","3","b2-u01-l03-pattern","whether clause as complement","B2","TRUE","b2-u01-l03","指出核心判斷","The main issue is whether the plan will remain effective.","主要問題是這個方案是否會持續有效。","whether clause as complement","b2-u01-l03-p01-s01-t05","5","whether-whether-conjunction","whether","whether-conjunction-01","word","whether","whether","是否","grammar","conjunction 連接詞","conjunction 連接詞","conjunction 連接詞","子句連接","whether-the-plan-will-remain-effective","whether the plan will remain effective","方案是否會持續有效","1","whether 引出需要判斷的兩種可能。","b2-u01-l03-pattern","","","","","","","","","","","web_speech_fallback","pending","","","","","TRUE","FALSE","TRUE","TRUE","pilot_review_required"
"B2","b2-u01","深入表達觀點與立場","b2-u01-p01","1","b2-u01-l03-s01","3","b2-u01-l03-pattern","whether clause as complement","B2","TRUE","b2-u01-l03","指出核心判斷","The main issue is whether the plan will remain effective.","主要問題是這個方案是否會持續有效。","whether clause as complement","b2-u01-l03-p01-s01-t06","6","the-the-determiner","the","the-determiner-01","word","the","the","定冠詞（中文通常不翻譯）","grammar","determiner 限定詞","determiner 限定詞","determiner 限定詞","指稱或限定","whether-the-plan-will-remain-effective","whether the plan will remain effective","方案是否會持續有效","1","whether 引出需要判斷的兩種可能。","b2-u01-l03-pattern","","","","","","","","","","","web_speech_fallback","pending","","","","","FALSE","FALSE","TRUE","FALSE","pilot_review_required"
"B2","b2-u01","深入表達觀點與立場","b2-u01-p01","1","b2-u01-l03-s01","3","b2-u01-l03-pattern","whether clause as complement","B2","TRUE","b2-u01-l03","指出核心判斷","The main issue is whether the plan will remain effective.","主要問題是這個方案是否會持續有效。","whether clause as complement","b2-u01-l03-p01-s01-t07","7","plan-plan-noun","plan","plan-noun-01","word","plan","plan","方案／計畫","meaning","noun 名詞","noun 名詞","noun 名詞","核心內容","whether-the-plan-will-remain-effective","whether the plan will remain effective","方案是否會持續有效","1","whether 引出需要判斷的兩種可能。","b2-u01-l03-pattern","","","","","","","","","","","web_speech_fallback","pending","","","","","FALSE","FALSE","TRUE","FALSE","pilot_review_required"
"B2","b2-u01","深入表達觀點與立場","b2-u01-p01","1","b2-u01-l03-s01","3","b2-u01-l03-pattern","whether clause as complement","B2","TRUE","b2-u01-l03","指出核心判斷","The main issue is whether the plan will remain effective.","主要問題是這個方案是否會持續有效。","whether clause as complement","b2-u01-l03-p01-s01-t08","8","will-will-auxiliary","will","will-auxiliary-01","word","will","will","將會","grammar","auxiliary verb 助動詞","auxiliary verb 助動詞","auxiliary verb 助動詞","動作或狀態","whether-the-plan-will-remain-effective","whether the plan will remain effective","方案是否會持續有效","1","whether 引出需要判斷的兩種可能。","b2-u01-l03-pattern","","","","","","","","","","","web_speech_fallback","pending","","","","","FALSE","FALSE","TRUE","FALSE","pilot_review_required"
"B2","b2-u01","深入表達觀點與立場","b2-u01-p01","1","b2-u01-l03-s01","3","b2-u01-l03-pattern","whether clause as complement","B2","TRUE","b2-u01-l03","指出核心判斷","The main issue is whether the plan will remain effective.","主要問題是這個方案是否會持續有效。","whether clause as complement","b2-u01-l03-p01-s01-t09","9","remain-remain-verb","remain","remain-verb-01","word","remain","remain","持續保持","meaning","verb 動詞","verb 動詞","verb 動詞","動作或狀態","whether-the-plan-will-remain-effective","whether the plan will remain effective","方案是否會持續有效","1","whether 引出需要判斷的兩種可能。","b2-u01-l03-pattern","","","","","","","","","","","web_speech_fallback","pending","","","","","TRUE","FALSE","TRUE","TRUE","pilot_review_required"
"B2","b2-u01","深入表達觀點與立場","b2-u01-p01","1","b2-u01-l03-s01","3","b2-u01-l03-pattern","whether clause as complement","B2","TRUE","b2-u01-l03","指出核心判斷","The main issue is whether the plan will remain effective.","主要問題是這個方案是否會持續有效。","whether clause as complement","b2-u01-l03-p01-s01-t10","10","effective-effective-adjective","effective","effective-adjective-01","word","effective","effective","有效的","meaning","adjective 形容詞","adjective 形容詞","adjective 形容詞","特徵描述","whether-the-plan-will-remain-effective","whether the plan will remain effective","方案是否會持續有效","1","whether 引出需要判斷的兩種可能。","b2-u01-l03-pattern","","","","","","","","","","","web_speech_fallback","pending","","","","","TRUE","FALSE","TRUE","TRUE","pilot_review_required"
"B2","b2-u01","深入表達觀點與立場","b2-u01-p01","1","b2-u01-l04-s01","4","b2-u01-l04-pattern","hedged argument with would","B2","TRUE","b2-u01-l04","提出可辯護的主張","I would argue that education should encourage independent thinking.","我會主張教育應該鼓勵獨立思考。","hedged argument with would","b2-u01-l04-p01-s01-t01","1","i-i-pronoun","i","i-pronoun-01","word","I","i","我","meaning","pronoun 代名詞","pronoun 代名詞","pronoun 代名詞","指稱或限定","i-would-argue-that","I would argue that","我會主張","1","用 would 降低語氣強度並提出論點。","b2-u01-l04-pattern","","","","","","","","","","","web_speech_fallback","pending","","","","","FALSE","TRUE","TRUE","TRUE","pilot_review_required"
"B2","b2-u01","深入表達觀點與立場","b2-u01-p01","1","b2-u01-l04-s01","4","b2-u01-l04-pattern","hedged argument with would","B2","TRUE","b2-u01-l04","提出可辯護的主張","I would argue that education should encourage independent thinking.","我會主張教育應該鼓勵獨立思考。","hedged argument with would","b2-u01-l04-p01-s01-t02","2","would-would-auxiliary","would","would-auxiliary-01","word","would","would","會；用於假設或委婉表達","grammar","auxiliary verb 助動詞","auxiliary verb 助動詞","auxiliary verb 助動詞","動作或狀態","i-would-argue-that","I would argue that","我會主張","1","用 would 降低語氣強度並提出論點。","b2-u01-l04-pattern","","","","","","","","","","","web_speech_fallback","pending","","","","","FALSE","FALSE","TRUE","FALSE","pilot_review_required"
"B2","b2-u01","深入表達觀點與立場","b2-u01-p01","1","b2-u01-l04-s01","4","b2-u01-l04-pattern","hedged argument with would","B2","TRUE","b2-u01-l04","提出可辯護的主張","I would argue that education should encourage independent thinking.","我會主張教育應該鼓勵獨立思考。","hedged argument with would","b2-u01-l04-p01-s01-t03","3","argue-argue-verb","argue","argue-verb-01","word","argue","argue","主張","meaning","verb 動詞","verb 動詞","verb 動詞","動作或狀態","i-would-argue-that","I would argue that","我會主張","1","用 would 降低語氣強度並提出論點。","b2-u01-l04-pattern","","","","","","","","","","","web_speech_fallback","pending","","","","","TRUE","FALSE","TRUE","TRUE","pilot_review_required"
"B2","b2-u01","深入表達觀點與立場","b2-u01-p01","1","b2-u01-l04-s01","4","b2-u01-l04-pattern","hedged argument with would","B2","TRUE","b2-u01-l04","提出可辯護的主張","I would argue that education should encourage independent thinking.","我會主張教育應該鼓勵獨立思考。","hedged argument with would","b2-u01-l04-p01-s01-t04","4","that-that-determiner","that","that-determiner-01","word","that","that","那個／用來連接子句","grammar","determiner 限定詞","determiner 限定詞","determiner 限定詞","指稱或限定","i-would-argue-that","I would argue that","我會主張","1","用 would 降低語氣強度並提出論點。","b2-u01-l04-pattern","","","","","","","","","","","web_speech_fallback","pending","","","","","FALSE","FALSE","TRUE","FALSE","pilot_review_required"
"B2","b2-u01","深入表達觀點與立場","b2-u01-p01","1","b2-u01-l04-s01","4","b2-u01-l04-pattern","hedged argument with would","B2","TRUE","b2-u01-l04","提出可辯護的主張","I would argue that education should encourage independent thinking.","我會主張教育應該鼓勵獨立思考。","hedged argument with would","b2-u01-l04-p01-s01-t05","5","education-education-noun","education","education-noun-01","word","education","education","教育","meaning","noun 名詞","noun 名詞","noun 名詞","核心內容","","","","","","b2-u01-l04-pattern","","","","","","","","","","","web_speech_fallback","pending","","","","","TRUE","FALSE","FALSE","TRUE","pilot_review_required"
"B2","b2-u01","深入表達觀點與立場","b2-u01-p01","1","b2-u01-l04-s01","4","b2-u01-l04-pattern","hedged argument with would","B2","TRUE","b2-u01-l04","提出可辯護的主張","I would argue that education should encourage independent thinking.","我會主張教育應該鼓勵獨立思考。","hedged argument with would","b2-u01-l04-p01-s01-t06","6","should-should-auxiliary","should","should-auxiliary-01","word","should","should","應該","grammar","auxiliary verb 助動詞","auxiliary verb 助動詞","auxiliary verb 助動詞","動作或狀態","","","","","","b2-u01-l04-pattern","","","","","","","","","","","web_speech_fallback","pending","","","","","FALSE","FALSE","FALSE","FALSE","pilot_review_required"
"B2","b2-u01","深入表達觀點與立場","b2-u01-p01","1","b2-u01-l04-s01","4","b2-u01-l04-pattern","hedged argument with would","B2","TRUE","b2-u01-l04","提出可辯護的主張","I would argue that education should encourage independent thinking.","我會主張教育應該鼓勵獨立思考。","hedged argument with would","b2-u01-l04-p01-s01-t07","7","encourage-encourage-verb","encourage","encourage-verb-01","word","encourage","encourage","鼓勵","meaning","verb 動詞","verb 動詞","verb 動詞","動作或狀態","","","","","","b2-u01-l04-pattern","","","","","","","","","","","web_speech_fallback","pending","","","","","TRUE","FALSE","FALSE","TRUE","pilot_review_required"
"B2","b2-u01","深入表達觀點與立場","b2-u01-p01","1","b2-u01-l04-s01","4","b2-u01-l04-pattern","hedged argument with would","B2","TRUE","b2-u01-l04","提出可辯護的主張","I would argue that education should encourage independent thinking.","我會主張教育應該鼓勵獨立思考。","hedged argument with would","b2-u01-l04-p01-s01-t08","8","independent-independent-adjective","independent","independent-adjective-01","word","independent","independent","獨立的","meaning","adjective 形容詞","adjective 形容詞","adjective 形容詞","特徵描述","","","","","","b2-u01-l04-pattern","","","","","","","","","","","web_speech_fallback","pending","","","","","TRUE","FALSE","FALSE","TRUE","pilot_review_required"
"B2","b2-u01","深入表達觀點與立場","b2-u01-p01","1","b2-u01-l04-s01","4","b2-u01-l04-pattern","hedged argument with would","B2","TRUE","b2-u01-l04","提出可辯護的主張","I would argue that education should encourage independent thinking.","我會主張教育應該鼓勵獨立思考。","hedged argument with would","b2-u01-l04-p01-s01-t09","9","thinking-thinking-noun","thinking","thinking-noun-01","word","thinking","thinking","思考","meaning","noun 名詞","noun 名詞","noun 名詞","核心內容","","","","","","b2-u01-l04-pattern","","","","","","","","","","","web_speech_fallback","pending","","","","","TRUE","FALSE","FALSE","TRUE","pilot_review_required"
"B2","b2-u02","比較方案、優點與缺點","b2-u02-p01","1","b2-u02-l01-s01","1","b2-u02-l01-pattern","contrast with whereas","B2","TRUE","b2-u02-l01","對照兩個方案","This option is more flexible whereas the other is cheaper.","這個方案比較有彈性，而另一個比較便宜。","contrast with whereas","b2-u02-l01-p01-s01-t01","1","this-this-determiner","this","this-determiner-01","word","This","this","這個","grammar","determiner 限定詞","determiner 限定詞","determiner 限定詞","指稱或限定","","","","","","b2-u02-l01-pattern","","","","","","","","","","","web_speech_fallback","pending","","","","","FALSE","TRUE","FALSE","TRUE","pilot_review_required"
"B2","b2-u02","比較方案、優點與缺點","b2-u02-p01","1","b2-u02-l01-s01","1","b2-u02-l01-pattern","contrast with whereas","B2","TRUE","b2-u02-l01","對照兩個方案","This option is more flexible whereas the other is cheaper.","這個方案比較有彈性，而另一個比較便宜。","contrast with whereas","b2-u02-l01-p01-s01-t02","2","option-option-noun","option","option-noun-01","word","option","option","選項／方案","meaning","noun 名詞","noun 名詞","noun 名詞","核心內容","","","","","","b2-u02-l01-pattern","","","","","","","","","","","web_speech_fallback","pending","","","","","FALSE","FALSE","FALSE","FALSE","pilot_review_required"
"B2","b2-u02","比較方案、優點與缺點","b2-u02-p01","1","b2-u02-l01-s01","1","b2-u02-l01-pattern","contrast with whereas","B2","TRUE","b2-u02-l01","對照兩個方案","This option is more flexible whereas the other is cheaper.","這個方案比較有彈性，而另一個比較便宜。","contrast with whereas","b2-u02-l01-p01-s01-t03","3","is-is-auxiliary","is","is-auxiliary-01","word","is","is","是","grammar","auxiliary verb 助動詞","auxiliary verb 助動詞","auxiliary verb 助動詞","動作或狀態","","","","","","b2-u02-l01-pattern","","","","","","","","","","","web_speech_fallback","pending","","","","","FALSE","FALSE","FALSE","FALSE","pilot_review_required"
"B2","b2-u02","比較方案、優點與缺點","b2-u02-p01","1","b2-u02-l01-s01","1","b2-u02-l01-pattern","contrast with whereas","B2","TRUE","b2-u02-l01","對照兩個方案","This option is more flexible whereas the other is cheaper.","這個方案比較有彈性，而另一個比較便宜。","contrast with whereas","b2-u02-l01-p01-s01-t04","4","more-more-adverb","more","more-adverb-01","word","more","more","更多／更","meaning","adverb 副詞","adverb 副詞","adverb 副詞","時間、方式或程度","","","","","","b2-u02-l01-pattern","","","","","","","","","","","web_speech_fallback","pending","","","","","FALSE","FALSE","FALSE","FALSE","pilot_review_required"
"B2","b2-u02","比較方案、優點與缺點","b2-u02-p01","1","b2-u02-l01-s01","1","b2-u02-l01-pattern","contrast with whereas","B2","TRUE","b2-u02-l01","對照兩個方案","This option is more flexible whereas the other is cheaper.","這個方案比較有彈性，而另一個比較便宜。","contrast with whereas","b2-u02-l01-p01-s01-t05","5","flexible-flexible-adjective","flexible","flexible-adjective-01","word","flexible","flexible","有彈性的","meaning","adjective 形容詞","adjective 形容詞","adjective 形容詞","特徵描述","","","","","","b2-u02-l01-pattern","","","","","","","","","","","web_speech_fallback","pending","","","","","TRUE","FALSE","FALSE","TRUE","pilot_review_required"
"B2","b2-u02","比較方案、優點與缺點","b2-u02-p01","1","b2-u02-l01-s01","1","b2-u02-l01-pattern","contrast with whereas","B2","TRUE","b2-u02-l01","對照兩個方案","This option is more flexible whereas the other is cheaper.","這個方案比較有彈性，而另一個比較便宜。","contrast with whereas","b2-u02-l01-p01-s01-t06","6","whereas-whereas-conjunction","whereas","whereas-conjunction-01","word","whereas","whereas","然而；相較之下","grammar","conjunction 連接詞","conjunction 連接詞","conjunction 連接詞","子句連接","whereas-the-other","whereas the other","而另一個","1","whereas 用來清楚對照兩項內容。","b2-u02-l01-pattern","","","","","","","","","","","web_speech_fallback","pending","","","","","TRUE","FALSE","TRUE","TRUE","pilot_review_required"
"B2","b2-u02","比較方案、優點與缺點","b2-u02-p01","1","b2-u02-l01-s01","1","b2-u02-l01-pattern","contrast with whereas","B2","TRUE","b2-u02-l01","對照兩個方案","This option is more flexible whereas the other is cheaper.","這個方案比較有彈性，而另一個比較便宜。","contrast with whereas","b2-u02-l01-p01-s01-t07","7","the-the-determiner","the","the-determiner-01","word","the","the","定冠詞（中文通常不翻譯）","grammar","determiner 限定詞","determiner 限定詞","determiner 限定詞","指稱或限定","whereas-the-other","whereas the other","而另一個","1","whereas 用來清楚對照兩項內容。","b2-u02-l01-pattern","","","","","","","","","","","web_speech_fallback","pending","","","","","FALSE","FALSE","TRUE","FALSE","pilot_review_required"
"B2","b2-u02","比較方案、優點與缺點","b2-u02-p01","1","b2-u02-l01-s01","1","b2-u02-l01-pattern","contrast with whereas","B2","TRUE","b2-u02-l01","對照兩個方案","This option is more flexible whereas the other is cheaper.","這個方案比較有彈性，而另一個比較便宜。","contrast with whereas","b2-u02-l01-p01-s01-t08","8","other-other-pronoun","other","other-pronoun-01","word","other","other","其他的／彼此的另一方","meaning","pronoun 代名詞","pronoun 代名詞","pronoun 代名詞","指稱或限定","whereas-the-other","whereas the other","而另一個","1","whereas 用來清楚對照兩項內容。","b2-u02-l01-pattern","","","","","","","","","","","web_speech_fallback","pending","","","","","FALSE","FALSE","TRUE","FALSE","pilot_review_required"
"B2","b2-u02","比較方案、優點與缺點","b2-u02-p01","1","b2-u02-l01-s01","1","b2-u02-l01-pattern","contrast with whereas","B2","TRUE","b2-u02-l01","對照兩個方案","This option is more flexible whereas the other is cheaper.","這個方案比較有彈性，而另一個比較便宜。","contrast with whereas","b2-u02-l01-p01-s01-t09","9","is-is-auxiliary","is","is-auxiliary-01","word","is","is","是","grammar","auxiliary verb 助動詞","auxiliary verb 助動詞","auxiliary verb 助動詞","動作或狀態","","","","","","b2-u02-l01-pattern","","","","","","","","","","","web_speech_fallback","pending","","","","","FALSE","FALSE","FALSE","FALSE","pilot_review_required"
"B2","b2-u02","比較方案、優點與缺點","b2-u02-p01","1","b2-u02-l01-s01","1","b2-u02-l01-pattern","contrast with whereas","B2","TRUE","b2-u02-l01","對照兩個方案","This option is more flexible whereas the other is cheaper.","這個方案比較有彈性，而另一個比較便宜。","contrast with whereas","b2-u02-l01-p01-s01-t10","10","cheaper-cheaper-adjective","cheaper","cheaper-adjective-01","word","cheaper","cheaper","較便宜的","meaning","adjective 形容詞","adjective 形容詞","adjective 形容詞","特徵描述","","","","","","b2-u02-l01-pattern","","","","","","","","","","","web_speech_fallback","pending","","","","","TRUE","FALSE","FALSE","TRUE","pilot_review_required"
"B2","b2-u02","比較方案、優點與缺點","b2-u02-p01","1","b2-u02-l02-s01","2","b2-u02-l02-pattern","modal may for possible consequences","B2","TRUE","b2-u02-l02","指出隱藏代價","The cheaper solution may create additional problems later.","較便宜的解決方案之後可能會造成額外問題。","modal may for possible consequences","b2-u02-l02-p01-s01-t01","1","the-the-determiner","the","the-determiner-01","word","The","the","定冠詞（中文通常不翻譯）","grammar","determiner 限定詞","determiner 限定詞","determiner 限定詞","指稱或限定","","","","","","b2-u02-l02-pattern","","","","","","","","","","","web_speech_fallback","pending","","","","","FALSE","TRUE","FALSE","TRUE","pilot_review_required"
"B2","b2-u02","比較方案、優點與缺點","b2-u02-p01","1","b2-u02-l02-s01","2","b2-u02-l02-pattern","modal may for possible consequences","B2","TRUE","b2-u02-l02","指出隱藏代價","The cheaper solution may create additional problems later.","較便宜的解決方案之後可能會造成額外問題。","modal may for possible consequences","b2-u02-l02-p01-s01-t02","2","cheaper-cheaper-adjective","cheaper","cheaper-adjective-01","word","cheaper","cheaper","較便宜的","meaning","adjective 形容詞","adjective 形容詞","adjective 形容詞","特徵描述","","","","","","b2-u02-l02-pattern","","","","","","","","","","","web_speech_fallback","pending","","","","","FALSE","FALSE","FALSE","FALSE","pilot_review_required"
"B2","b2-u02","比較方案、優點與缺點","b2-u02-p01","1","b2-u02-l02-s01","2","b2-u02-l02-pattern","modal may for possible consequences","B2","TRUE","b2-u02-l02","指出隱藏代價","The cheaper solution may create additional problems later.","較便宜的解決方案之後可能會造成額外問題。","modal may for possible consequences","b2-u02-l02-p01-s01-t03","3","solution-solution-noun","solution","solution-noun-01","word","solution","solution","解決方案","meaning","noun 名詞","noun 名詞","noun 名詞","核心內容","","","","","","b2-u02-l02-pattern","","","","","","","","","","","web_speech_fallback","pending","","","","","TRUE","FALSE","FALSE","TRUE","pilot_review_required"
"B2","b2-u02","比較方案、優點與缺點","b2-u02-p01","1","b2-u02-l02-s01","2","b2-u02-l02-pattern","modal may for possible consequences","B2","TRUE","b2-u02-l02","指出隱藏代價","The cheaper solution may create additional problems later.","較便宜的解決方案之後可能會造成額外問題。","modal may for possible consequences","b2-u02-l02-p01-s01-t04","4","may-may-auxiliary","may","may-auxiliary-01","word","may","may","可能","grammar","auxiliary verb 助動詞","auxiliary verb 助動詞","auxiliary verb 助動詞","動作或狀態","may-create","may create","可能造成","1","may 表示有可能發生但不確定的結果。","b2-u02-l02-pattern","","","","","","","","","","","web_speech_fallback","pending","","","","","FALSE","FALSE","TRUE","FALSE","pilot_review_required"
"B2","b2-u02","比較方案、優點與缺點","b2-u02-p01","1","b2-u02-l02-s01","2","b2-u02-l02-pattern","modal may for possible consequences","B2","TRUE","b2-u02-l02","指出隱藏代價","The cheaper solution may create additional problems later.","較便宜的解決方案之後可能會造成額外問題。","modal may for possible consequences","b2-u02-l02-p01-s01-t05","5","create-create-verb","create","create-verb-01","word","create","create","造成／創造","meaning","verb 動詞","verb 動詞","verb 動詞","動作或狀態","may-create","may create","可能造成","1","may 表示有可能發生但不確定的結果。","b2-u02-l02-pattern","","","","","","","","","","","web_speech_fallback","pending","","","","","TRUE","FALSE","TRUE","TRUE","pilot_review_required"
"B2","b2-u02","比較方案、優點與缺點","b2-u02-p01","1","b2-u02-l02-s01","2","b2-u02-l02-pattern","modal may for possible consequences","B2","TRUE","b2-u02-l02","指出隱藏代價","The cheaper solution may create additional problems later.","較便宜的解決方案之後可能會造成額外問題。","modal may for possible consequences","b2-u02-l02-p01-s01-t06","6","additional-additional-adjective","additional","additional-adjective-01","word","additional","additional","額外的","meaning","adjective 形容詞","adjective 形容詞","adjective 形容詞","特徵描述","","","","","","b2-u02-l02-pattern","","","","","","","","","","","web_speech_fallback","pending","","","","","TRUE","FALSE","FALSE","TRUE","pilot_review_required"
"B2","b2-u02","比較方案、優點與缺點","b2-u02-p01","1","b2-u02-l02-s01","2","b2-u02-l02-pattern","modal may for possible consequences","B2","TRUE","b2-u02-l02","指出隱藏代價","The cheaper solution may create additional problems later.","較便宜的解決方案之後可能會造成額外問題。","modal may for possible consequences","b2-u02-l02-p01-s01-t07","7","problem-problems-noun","problem","problem-noun-01","word","problems","problem","問題","meaning","noun 名詞","noun 名詞","noun 名詞","核心內容","","","","","","b2-u02-l02-pattern","","","","","","","","","","","web_speech_fallback","pending","","","","","FALSE","FALSE","FALSE","FALSE","pilot_review_required"
"B2","b2-u02","比較方案、優點與缺點","b2-u02-p01","1","b2-u02-l02-s01","2","b2-u02-l02-pattern","modal may for possible consequences","B2","TRUE","b2-u02-l02","指出隱藏代價","The cheaper solution may create additional problems later.","較便宜的解決方案之後可能會造成額外問題。","modal may for possible consequences","b2-u02-l02-p01-s01-t08","8","later-later-adverb","later","later-adverb-01","word","later","later","之後","meaning","adverb 副詞","adverb 副詞","adverb 副詞","時間、方式或程度","","","","","","b2-u02-l02-pattern","","","","","","","","","","","web_speech_fallback","pending","","","","","TRUE","FALSE","FALSE","TRUE","pilot_review_required"
"B2","b2-u02","比較方案、優點與缺點","b2-u02-p01","1","b2-u02-l03-s01","3","b2-u02-l03-pattern","both and coordination","B2","TRUE","b2-u02-l03","同時考量兩面","We should consider both the cost and the long term impact.","我們應該同時考量成本與長期影響。","both and coordination","b2-u02-l03-p01-s01-t01","1","we-we-pronoun","we","we-pronoun-01","word","We","we","我們","meaning","pronoun 代名詞","pronoun 代名詞","pronoun 代名詞","指稱或限定","","","","","","b2-u02-l03-pattern","","","","","","","","","","","web_speech_fallback","pending","","","","","FALSE","TRUE","FALSE","TRUE","pilot_review_required"
"B2","b2-u02","比較方案、優點與缺點","b2-u02-p01","1","b2-u02-l03-s01","3","b2-u02-l03-pattern","both and coordination","B2","TRUE","b2-u02-l03","同時考量兩面","We should consider both the cost and the long term impact.","我們應該同時考量成本與長期影響。","both and coordination","b2-u02-l03-p01-s01-t02","2","should-should-auxiliary","should","should-auxiliary-01","word","should","should","應該","grammar","auxiliary verb 助動詞","auxiliary verb 助動詞","auxiliary verb 助動詞","動作或狀態","","","","","","b2-u02-l03-pattern","","","","","","","","","","","web_speech_fallback","pending","","","","","FALSE","FALSE","FALSE","FALSE","pilot_review_required"
"B2","b2-u02","比較方案、優點與缺點","b2-u02-p01","1","b2-u02-l03-s01","3","b2-u02-l03-pattern","both and coordination","B2","TRUE","b2-u02-l03","同時考量兩面","We should consider both the cost and the long term impact.","我們應該同時考量成本與長期影響。","both and coordination","b2-u02-l03-p01-s01-t03","3","consider-consider-verb","consider","consider-verb-01","word","consider","consider","考量","meaning","verb 動詞","verb 動詞","verb 動詞","動作或狀態","","","","","","b2-u02-l03-pattern","","","","","","","","","","","web_speech_fallback","pending","","","","","TRUE","FALSE","FALSE","TRUE","pilot_review_required"
"B2","b2-u02","比較方案、優點與缺點","b2-u02-p01","1","b2-u02-l03-s01","3","b2-u02-l03-pattern","both and coordination","B2","TRUE","b2-u02-l03","同時考量兩面","We should consider both the cost and the long term impact.","我們應該同時考量成本與長期影響。","both and coordination","b2-u02-l03-p01-s01-t04","4","both-both-determiner","both","both-determiner-01","word","both","both","兩者都","grammar","determiner 限定詞","determiner 限定詞","determiner 限定詞","指稱或限定","both-the-cost-and-the-long-term-impact","both the cost and the long term impact","成本與長期影響兩者","1","both...and... 強調兩項都要考量。","b2-u02-l03-pattern","","","","","","","","","","","web_speech_fallback","pending","","","","","TRUE","FALSE","TRUE","TRUE","pilot_review_required"
"B2","b2-u02","比較方案、優點與缺點","b2-u02-p01","1","b2-u02-l03-s01","3","b2-u02-l03-pattern","both and coordination","B2","TRUE","b2-u02-l03","同時考量兩面","We should consider both the cost and the long term impact.","我們應該同時考量成本與長期影響。","both and coordination","b2-u02-l03-p01-s01-t05","5","the-the-determiner","the","the-determiner-01","word","the","the","定冠詞（中文通常不翻譯）","grammar","determiner 限定詞","determiner 限定詞","determiner 限定詞","指稱或限定","both-the-cost-and-the-long-term-impact","both the cost and the long term impact","成本與長期影響兩者","1","both...and... 強調兩項都要考量。","b2-u02-l03-pattern","","","","","","","","","","","web_speech_fallback","pending","","","","","FALSE","FALSE","TRUE","FALSE","pilot_review_required"
"B2","b2-u02","比較方案、優點與缺點","b2-u02-p01","1","b2-u02-l03-s01","3","b2-u02-l03-pattern","both and coordination","B2","TRUE","b2-u02-l03","同時考量兩面","We should consider both the cost and the long term impact.","我們應該同時考量成本與長期影響。","both and coordination","b2-u02-l03-p01-s01-t06","6","cost-cost-noun","cost","cost-noun-01","word","cost","cost","成本","meaning","noun 名詞","noun 名詞","noun 名詞","核心內容","both-the-cost-and-the-long-term-impact","both the cost and the long term impact","成本與長期影響兩者","1","both...and... 強調兩項都要考量。","b2-u02-l03-pattern","","","","","","","","","","","web_speech_fallback","pending","","","","","FALSE","FALSE","TRUE","FALSE","pilot_review_required"
"B2","b2-u02","比較方案、優點與缺點","b2-u02-p01","1","b2-u02-l03-s01","3","b2-u02-l03-pattern","both and coordination","B2","TRUE","b2-u02-l03","同時考量兩面","We should consider both the cost and the long term impact.","我們應該同時考量成本與長期影響。","both and coordination","b2-u02-l03-p01-s01-t07","7","and-and-conjunction","and","and-conjunction-01","word","and","and","和；以及","grammar","conjunction 連接詞","conjunction 連接詞","conjunction 連接詞","子句連接","both-the-cost-and-the-long-term-impact","both the cost and the long term impact","成本與長期影響兩者","1","both...and... 強調兩項都要考量。","b2-u02-l03-pattern","","","","","","","","","","","web_speech_fallback","pending","","","","","TRUE","FALSE","TRUE","TRUE","pilot_review_required"
"B2","b2-u02","比較方案、優點與缺點","b2-u02-p01","1","b2-u02-l03-s01","3","b2-u02-l03-pattern","both and coordination","B2","TRUE","b2-u02-l03","同時考量兩面","We should consider both the cost and the long term impact.","我們應該同時考量成本與長期影響。","both and coordination","b2-u02-l03-p01-s01-t08","8","the-the-determiner","the","the-determiner-01","word","the","the","定冠詞（中文通常不翻譯）","grammar","determiner 限定詞","determiner 限定詞","determiner 限定詞","指稱或限定","both-the-cost-and-the-long-term-impact","both the cost and the long term impact","成本與長期影響兩者","1","both...and... 強調兩項都要考量。","b2-u02-l03-pattern","","","","","","","","","","","web_speech_fallback","pending","","","","","FALSE","FALSE","TRUE","FALSE","pilot_review_required"
"B2","b2-u02","比較方案、優點與缺點","b2-u02-p01","1","b2-u02-l03-s01","3","b2-u02-l03-pattern","both and coordination","B2","TRUE","b2-u02-l03","同時考量兩面","We should consider both the cost and the long term impact.","我們應該同時考量成本與長期影響。","both and coordination","b2-u02-l03-p01-s01-t09","9","long-long-adjective","long","long-adjective-01","word","long","long","長期的","meaning","adjective 形容詞","adjective 形容詞","adjective 形容詞","特徵描述","both-the-cost-and-the-long-term-impact","both the cost and the long term impact","成本與長期影響兩者","1","both...and... 強調兩項都要考量。","b2-u02-l03-pattern","","","","","","","","","","","web_speech_fallback","pending","","","","","TRUE","FALSE","TRUE","TRUE","pilot_review_required"
"B2","b2-u02","比較方案、優點與缺點","b2-u02-p01","1","b2-u02-l03-s01","3","b2-u02-l03-pattern","both and coordination","B2","TRUE","b2-u02-l03","同時考量兩面","We should consider both the cost and the long term impact.","我們應該同時考量成本與長期影響。","both and coordination","b2-u02-l03-p01-s01-t10","10","term-term-noun","term","term-noun-01","word","term","term","期","meaning","noun 名詞","noun 名詞","noun 名詞","核心內容","both-the-cost-and-the-long-term-impact","both the cost and the long term impact","成本與長期影響兩者","1","both...and... 強調兩項都要考量。","b2-u02-l03-pattern","","","","","","","","","","","web_speech_fallback","pending","","","","","TRUE","FALSE","TRUE","TRUE","pilot_review_required"
"B2","b2-u02","比較方案、優點與缺點","b2-u02-p01","1","b2-u02-l03-s01","3","b2-u02-l03-pattern","both and coordination","B2","TRUE","b2-u02-l03","同時考量兩面","We should consider both the cost and the long term impact.","我們應該同時考量成本與長期影響。","both and coordination","b2-u02-l03-p01-s01-t11","11","impact-impact-noun","impact","impact-noun-01","word","impact","impact","影響","meaning","noun 名詞","noun 名詞","noun 名詞","核心內容","both-the-cost-and-the-long-term-impact","both the cost and the long term impact","成本與長期影響兩者","1","both...and... 強調兩項都要考量。","b2-u02-l03-pattern","","","","","","","","","","","web_speech_fallback","pending","","","","","TRUE","FALSE","TRUE","TRUE","pilot_review_required"
"B2","b2-u02","比較方案、優點與缺點","b2-u02-p01","1","b2-u02-l04-s01","4","b2-u02-l04-pattern","second conditional","B2","TRUE","b2-u02-l04","假設有更多資源","If we had more time we could compare the results carefully.","如果我們有更多時間，就能仔細比較結果。","second conditional","b2-u02-l04-p01-s01-t01","1","if-if-conjunction","if","if-conjunction-01","word","If","if","如果","grammar","conjunction 連接詞","conjunction 連接詞","conjunction 連接詞","子句連接","if-we-had-more-time","if we had more time","如果我們有更多時間","1","第二條件句描述目前不太可能或假設的情況。","b2-u02-l04-pattern","","","","","","","","","","","web_speech_fallback","pending","","","","","FALSE","TRUE","TRUE","TRUE","pilot_review_required"
"B2","b2-u02","比較方案、優點與缺點","b2-u02-p01","1","b2-u02-l04-s01","4","b2-u02-l04-pattern","second conditional","B2","TRUE","b2-u02-l04","假設有更多資源","If we had more time we could compare the results carefully.","如果我們有更多時間，就能仔細比較結果。","second conditional","b2-u02-l04-p01-s01-t02","2","we-we-pronoun","we","we-pronoun-01","word","we","we","我們","meaning","pronoun 代名詞","pronoun 代名詞","pronoun 代名詞","指稱或限定","if-we-had-more-time","if we had more time","如果我們有更多時間","1","第二條件句描述目前不太可能或假設的情況。","b2-u02-l04-pattern","","","","","","","","","","","web_speech_fallback","pending","","","","","FALSE","FALSE","TRUE","FALSE","pilot_review_required"
"B2","b2-u02","比較方案、優點與缺點","b2-u02-p01","1","b2-u02-l04-s01","4","b2-u02-l04-pattern","second conditional","B2","TRUE","b2-u02-l04","假設有更多資源","If we had more time we could compare the results carefully.","如果我們有更多時間，就能仔細比較結果。","second conditional","b2-u02-l04-p01-s01-t03","3","had-had-auxiliary","had","had-auxiliary-01","word","had","had","已經／有（過去式）","grammar","auxiliary verb 助動詞","auxiliary verb 助動詞","auxiliary verb 助動詞","動作或狀態","if-we-had-more-time","if we had more time","如果我們有更多時間","1","第二條件句描述目前不太可能或假設的情況。","b2-u02-l04-pattern","","","","","","","","","","","web_speech_fallback","pending","","","","","FALSE","FALSE","TRUE","FALSE","pilot_review_required"
"B2","b2-u02","比較方案、優點與缺點","b2-u02-p01","1","b2-u02-l04-s01","4","b2-u02-l04-pattern","second conditional","B2","TRUE","b2-u02-l04","假設有更多資源","If we had more time we could compare the results carefully.","如果我們有更多時間，就能仔細比較結果。","second conditional","b2-u02-l04-p01-s01-t04","4","more-more-determiner","more","more-determiner-01","word","more","more","更多／更","meaning","determiner 限定詞","determiner 限定詞","determiner 限定詞","指稱或限定","if-we-had-more-time","if we had more time","如果我們有更多時間","1","第二條件句描述目前不太可能或假設的情況。","b2-u02-l04-pattern","","","","","","","","","","","web_speech_fallback","pending","","","","","FALSE","FALSE","TRUE","FALSE","pilot_review_required"
"B2","b2-u02","比較方案、優點與缺點","b2-u02-p01","1","b2-u02-l04-s01","4","b2-u02-l04-pattern","second conditional","B2","TRUE","b2-u02-l04","假設有更多資源","If we had more time we could compare the results carefully.","如果我們有更多時間，就能仔細比較結果。","second conditional","b2-u02-l04-p01-s01-t05","5","time-time-noun","time","time-noun-01","word","time","time","時間","meaning","noun 名詞","noun 名詞","noun 名詞","核心內容","if-we-had-more-time","if we had more time","如果我們有更多時間","1","第二條件句描述目前不太可能或假設的情況。","b2-u02-l04-pattern","","","","","","","","","","","web_speech_fallback","pending","","","","","FALSE","FALSE","TRUE","FALSE","pilot_review_required"
"B2","b2-u02","比較方案、優點與缺點","b2-u02-p01","1","b2-u02-l04-s01","4","b2-u02-l04-pattern","second conditional","B2","TRUE","b2-u02-l04","假設有更多資源","If we had more time we could compare the results carefully.","如果我們有更多時間，就能仔細比較結果。","second conditional","b2-u02-l04-p01-s01-t06","6","we-we-pronoun","we","we-pronoun-01","word","we","we","我們","meaning","pronoun 代名詞","pronoun 代名詞","pronoun 代名詞","指稱或限定","","","","","","b2-u02-l04-pattern","","","","","","","","","","","web_speech_fallback","pending","","","","","FALSE","FALSE","FALSE","FALSE","pilot_review_required"
"B2","b2-u02","比較方案、優點與缺點","b2-u02-p01","1","b2-u02-l04-s01","4","b2-u02-l04-pattern","second conditional","B2","TRUE","b2-u02-l04","假設有更多資源","If we had more time we could compare the results carefully.","如果我們有更多時間，就能仔細比較結果。","second conditional","b2-u02-l04-p01-s01-t07","7","could-could-auxiliary","could","could-auxiliary-01","word","could","could","可以；能夠（較委婉或假設）","grammar","auxiliary verb 助動詞","auxiliary verb 助動詞","auxiliary verb 助動詞","動作或狀態","","","","","","b2-u02-l04-pattern","","","","","","","","","","","web_speech_fallback","pending","","","","","FALSE","FALSE","FALSE","FALSE","pilot_review_required"
"B2","b2-u02","比較方案、優點與缺點","b2-u02-p01","1","b2-u02-l04-s01","4","b2-u02-l04-pattern","second conditional","B2","TRUE","b2-u02-l04","假設有更多資源","If we had more time we could compare the results carefully.","如果我們有更多時間，就能仔細比較結果。","second conditional","b2-u02-l04-p01-s01-t08","8","compare-compare-verb","compare","compare-verb-01","word","compare","compare","比較","meaning","verb 動詞","verb 動詞","verb 動詞","動作或狀態","","","","","","b2-u02-l04-pattern","","","","","","","","","","","web_speech_fallback","pending","","","","","TRUE","FALSE","FALSE","TRUE","pilot_review_required"
"B2","b2-u02","比較方案、優點與缺點","b2-u02-p01","1","b2-u02-l04-s01","4","b2-u02-l04-pattern","second conditional","B2","TRUE","b2-u02-l04","假設有更多資源","If we had more time we could compare the results carefully.","如果我們有更多時間，就能仔細比較結果。","second conditional","b2-u02-l04-p01-s01-t09","9","the-the-determiner","the","the-determiner-01","word","the","the","定冠詞（中文通常不翻譯）","grammar","determiner 限定詞","determiner 限定詞","determiner 限定詞","指稱或限定","","","","","","b2-u02-l04-pattern","","","","","","","","","","","web_speech_fallback","pending","","","","","FALSE","FALSE","FALSE","FALSE","pilot_review_required"
"B2","b2-u02","比較方案、優點與缺點","b2-u02-p01","1","b2-u02-l04-s01","4","b2-u02-l04-pattern","second conditional","B2","TRUE","b2-u02-l04","假設有更多資源","If we had more time we could compare the results carefully.","如果我們有更多時間，就能仔細比較結果。","second conditional","b2-u02-l04-p01-s01-t10","10","result-results-noun","result","result-noun-01","word","results","result","成果","meaning","noun 名詞","noun 名詞","noun 名詞","核心內容","","","","","","b2-u02-l04-pattern","","","","","","","","","","","web_speech_fallback","pending","","","","","FALSE","FALSE","FALSE","FALSE","pilot_review_required"
"B2","b2-u02","比較方案、優點與缺點","b2-u02-p01","1","b2-u02-l04-s01","4","b2-u02-l04-pattern","second conditional","B2","TRUE","b2-u02-l04","假設有更多資源","If we had more time we could compare the results carefully.","如果我們有更多時間，就能仔細比較結果。","second conditional","b2-u02-l04-p01-s01-t11","11","carefully-carefully-adverb","carefully","carefully-adverb-01","word","carefully","carefully","仔細地","meaning","adverb 副詞","adverb 副詞","adverb 副詞","時間、方式或程度","","","","","","b2-u02-l04-pattern","","","","","","","","","","","web_speech_fallback","pending","","","","","TRUE","FALSE","FALSE","TRUE","pilot_review_required"
"B2","b2-u03","職場專業溝通與回饋","b2-u03-p01","1","b2-u03-l01-s01","1","b2-u03-l01-pattern","passive voice with comparison","B2","TRUE","b2-u03-l01","報告專案完成狀況","The project was completed earlier than the manager expected.","專案比經理預期的更早完成。","passive voice with comparison","b2-u03-l01-p01-s01-t01","1","the-the-determiner","the","the-determiner-01","word","The","the","定冠詞（中文通常不翻譯）","grammar","determiner 限定詞","determiner 限定詞","determiner 限定詞","指稱或限定","","","","","","b2-u03-l01-pattern","","","","","","","","","","","web_speech_fallback","pending","","","","","FALSE","TRUE","FALSE","TRUE","pilot_review_required"
"B2","b2-u03","職場專業溝通與回饋","b2-u03-p01","1","b2-u03-l01-s01","1","b2-u03-l01-pattern","passive voice with comparison","B2","TRUE","b2-u03-l01","報告專案完成狀況","The project was completed earlier than the manager expected.","專案比經理預期的更早完成。","passive voice with comparison","b2-u03-l01-p01-s01-t02","2","project-project-noun","project","project-noun-01","word","project","project","專案","meaning","noun 名詞","noun 名詞","noun 名詞","核心內容","","","","","","b2-u03-l01-pattern","","","","","","","","","","","web_speech_fallback","pending","","","","","TRUE","FALSE","FALSE","TRUE","pilot_review_required"
"B2","b2-u03","職場專業溝通與回饋","b2-u03-p01","1","b2-u03-l01-s01","1","b2-u03-l01-pattern","passive voice with comparison","B2","TRUE","b2-u03-l01","報告專案完成狀況","The project was completed earlier than the manager expected.","專案比經理預期的更早完成。","passive voice with comparison","b2-u03-l01-p01-s01-t03","3","was-was-auxiliary","was","was-auxiliary-01","word","was","was","是／正在（過去）","grammar","auxiliary verb 助動詞","auxiliary verb 助動詞","auxiliary verb 助動詞","動作或狀態","was-completed","was completed","已被完成","1","被動語態聚焦專案的完成狀態。","b2-u03-l01-pattern","","","","","","","","","","","web_speech_fallback","pending","","","","","FALSE","FALSE","TRUE","FALSE","pilot_review_required"
"B2","b2-u03","職場專業溝通與回饋","b2-u03-p01","1","b2-u03-l01-s01","1","b2-u03-l01-pattern","passive voice with comparison","B2","TRUE","b2-u03-l01","報告專案完成狀況","The project was completed earlier than the manager expected.","專案比經理預期的更早完成。","passive voice with comparison","b2-u03-l01-p01-s01-t04","4","complete-completed-verb","complete","complete-verb-01","word","completed","complete","完成","meaning","verb 動詞","verb 動詞","verb 動詞","動作或狀態","was-completed","was completed","已被完成","1","被動語態聚焦專案的完成狀態。","b2-u03-l01-pattern","","","","","","","","","","","web_speech_fallback","pending","","","","","TRUE","FALSE","TRUE","TRUE","pilot_review_required"
"B2","b2-u03","職場專業溝通與回饋","b2-u03-p01","1","b2-u03-l01-s01","1","b2-u03-l01-pattern","passive voice with comparison","B2","TRUE","b2-u03-l01","報告專案完成狀況","The project was completed earlier than the manager expected.","專案比經理預期的更早完成。","passive voice with comparison","b2-u03-l01-p01-s01-t05","5","earlier-earlier-adverb","earlier","earlier-adverb-01","word","earlier","earlier","更早","meaning","adverb 副詞","adverb 副詞","adverb 副詞","時間、方式或程度","","","","","","b2-u03-l01-pattern","","","","","","","","","","","web_speech_fallback","pending","","","","","TRUE","FALSE","FALSE","TRUE","pilot_review_required"
"B2","b2-u03","職場專業溝通與回饋","b2-u03-p01","1","b2-u03-l01-s01","1","b2-u03-l01-pattern","passive voice with comparison","B2","TRUE","b2-u03-l01","報告專案完成狀況","The project was completed earlier than the manager expected.","專案比經理預期的更早完成。","passive voice with comparison","b2-u03-l01-p01-s01-t06","6","than-than-preposition","than","than-preposition-01","word","than","than","比","grammar","preposition 介系詞","preposition 介系詞","preposition 介系詞","片語關係","","","","","","b2-u03-l01-pattern","","","","","","","","","","","web_speech_fallback","pending","","","","","FALSE","FALSE","FALSE","FALSE","pilot_review_required"
"B2","b2-u03","職場專業溝通與回饋","b2-u03-p01","1","b2-u03-l01-s01","1","b2-u03-l01-pattern","passive voice with comparison","B2","TRUE","b2-u03-l01","報告專案完成狀況","The project was completed earlier than the manager expected.","專案比經理預期的更早完成。","passive voice with comparison","b2-u03-l01-p01-s01-t07","7","the-the-determiner","the","the-determiner-01","word","the","the","定冠詞（中文通常不翻譯）","grammar","determiner 限定詞","determiner 限定詞","determiner 限定詞","指稱或限定","","","","","","b2-u03-l01-pattern","","","","","","","","","","","web_speech_fallback","pending","","","","","FALSE","FALSE","FALSE","FALSE","pilot_review_required"
"B2","b2-u03","職場專業溝通與回饋","b2-u03-p01","1","b2-u03-l01-s01","1","b2-u03-l01-pattern","passive voice with comparison","B2","TRUE","b2-u03-l01","報告專案完成狀況","The project was completed earlier than the manager expected.","專案比經理預期的更早完成。","passive voice with comparison","b2-u03-l01-p01-s01-t08","8","manager-manager-noun","manager","manager-noun-01","word","manager","manager","經理","meaning","noun 名詞","noun 名詞","noun 名詞","核心內容","","","","","","b2-u03-l01-pattern","","","","","","","","","","","web_speech_fallback","pending","","","","","TRUE","FALSE","FALSE","TRUE","pilot_review_required"
"B2","b2-u03","職場專業溝通與回饋","b2-u03-p01","1","b2-u03-l01-s01","1","b2-u03-l01-pattern","passive voice with comparison","B2","TRUE","b2-u03-l01","報告專案完成狀況","The project was completed earlier than the manager expected.","專案比經理預期的更早完成。","passive voice with comparison","b2-u03-l01-p01-s01-t09","9","expect-expected-verb","expect","expect-verb-01","word","expected","expect","預期","meaning","verb 動詞","verb 動詞","verb 動詞","動作或狀態","","","","","","b2-u03-l01-pattern","","","","","","","","","","","web_speech_fallback","pending","","","","","TRUE","FALSE","FALSE","TRUE","pilot_review_required"
"B2","b2-u03","職場專業溝通與回饋","b2-u03-p01","1","b2-u03-l02-s01","2","b2-u03-l02-pattern","suggest that clause","B2","TRUE","b2-u03-l02","轉述修改建議","She suggested that we revise the final section.","她建議我們修改最後一個段落。","suggest that clause","b2-u03-l02-p01-s01-t01","1","she-she-pronoun","she","she-pronoun-01","word","She","she","她","meaning","pronoun 代名詞","pronoun 代名詞","pronoun 代名詞","指稱或限定","","","","","","b2-u03-l02-pattern","","","","","","","","","","","web_speech_fallback","pending","","","","","FALSE","TRUE","FALSE","TRUE","pilot_review_required"
"B2","b2-u03","職場專業溝通與回饋","b2-u03-p01","1","b2-u03-l02-s01","2","b2-u03-l02-pattern","suggest that clause","B2","TRUE","b2-u03-l02","轉述修改建議","She suggested that we revise the final section.","她建議我們修改最後一個段落。","suggest that clause","b2-u03-l02-p01-s01-t02","2","suggest-suggested-verb","suggest","suggest-verb-01","word","suggested","suggest","建議了","meaning","verb 動詞","verb 動詞","verb 動詞","動作或狀態","suggested-that-we-revise","suggested that we revise","建議我們修改","1","suggest that 後接子句提出建議。","b2-u03-l02-pattern","","","","","","","","","","","web_speech_fallback","pending","","","","","TRUE","FALSE","TRUE","TRUE","pilot_review_required"
"B2","b2-u03","職場專業溝通與回饋","b2-u03-p01","1","b2-u03-l02-s01","2","b2-u03-l02-pattern","suggest that clause","B2","TRUE","b2-u03-l02","轉述修改建議","She suggested that we revise the final section.","她建議我們修改最後一個段落。","suggest that clause","b2-u03-l02-p01-s01-t03","3","that-that-determiner","that","that-determiner-01","word","that","that","那個／用來連接子句","grammar","determiner 限定詞","determiner 限定詞","determiner 限定詞","指稱或限定","suggested-that-we-revise","suggested that we revise","建議我們修改","1","suggest that 後接子句提出建議。","b2-u03-l02-pattern","","","","","","","","","","","web_speech_fallback","pending","","","","","FALSE","FALSE","TRUE","FALSE","pilot_review_required"
"B2","b2-u03","職場專業溝通與回饋","b2-u03-p01","1","b2-u03-l02-s01","2","b2-u03-l02-pattern","suggest that clause","B2","TRUE","b2-u03-l02","轉述修改建議","She suggested that we revise the final section.","她建議我們修改最後一個段落。","suggest that clause","b2-u03-l02-p01-s01-t04","4","we-we-pronoun","we","we-pronoun-01","word","we","we","我們","meaning","pronoun 代名詞","pronoun 代名詞","pronoun 代名詞","指稱或限定","suggested-that-we-revise","suggested that we revise","建議我們修改","1","suggest that 後接子句提出建議。","b2-u03-l02-pattern","","","","","","","","","","","web_speech_fallback","pending","","","","","FALSE","FALSE","TRUE","FALSE","pilot_review_required"
"B2","b2-u03","職場專業溝通與回饋","b2-u03-p01","1","b2-u03-l02-s01","2","b2-u03-l02-pattern","suggest that clause","B2","TRUE","b2-u03-l02","轉述修改建議","She suggested that we revise the final section.","她建議我們修改最後一個段落。","suggest that clause","b2-u03-l02-p01-s01-t05","5","revise-revise-verb","revise","revise-verb-01","word","revise","revise","修改","meaning","verb 動詞","verb 動詞","verb 動詞","動作或狀態","suggested-that-we-revise","suggested that we revise","建議我們修改","1","suggest that 後接子句提出建議。","b2-u03-l02-pattern","","","","","","","","","","","web_speech_fallback","pending","","","","","TRUE","FALSE","TRUE","TRUE","pilot_review_required"
"B2","b2-u03","職場專業溝通與回饋","b2-u03-p01","1","b2-u03-l02-s01","2","b2-u03-l02-pattern","suggest that clause","B2","TRUE","b2-u03-l02","轉述修改建議","She suggested that we revise the final section.","她建議我們修改最後一個段落。","suggest that clause","b2-u03-l02-p01-s01-t06","6","the-the-determiner","the","the-determiner-01","word","the","the","定冠詞（中文通常不翻譯）","grammar","determiner 限定詞","determiner 限定詞","determiner 限定詞","指稱或限定","","","","","","b2-u03-l02-pattern","","","","","","","","","","","web_speech_fallback","pending","","","","","FALSE","FALSE","FALSE","FALSE","pilot_review_required"
"B2","b2-u03","職場專業溝通與回饋","b2-u03-p01","1","b2-u03-l02-s01","2","b2-u03-l02-pattern","suggest that clause","B2","TRUE","b2-u03-l02","轉述修改建議","She suggested that we revise the final section.","她建議我們修改最後一個段落。","suggest that clause","b2-u03-l02-p01-s01-t07","7","final-final-adjective","final","final-adjective-01","word","final","final","最後的","meaning","adjective 形容詞","adjective 形容詞","adjective 形容詞","特徵描述","","","","","","b2-u03-l02-pattern","","","","","","","","","","","web_speech_fallback","pending","","","","","TRUE","FALSE","FALSE","TRUE","pilot_review_required"
"B2","b2-u03","職場專業溝通與回饋","b2-u03-p01","1","b2-u03-l02-s01","2","b2-u03-l02-pattern","suggest that clause","B2","TRUE","b2-u03-l02","轉述修改建議","She suggested that we revise the final section.","她建議我們修改最後一個段落。","suggest that clause","b2-u03-l02-p01-s01-t08","8","section-section-noun","section","section-noun-01","word","section","section","段落","meaning","noun 名詞","noun 名詞","noun 名詞","核心內容","","","","","","b2-u03-l02-pattern","","","","","","","","","","","web_speech_fallback","pending","","","","","TRUE","FALSE","FALSE","TRUE","pilot_review_required"
"B2","b2-u03","職場專業溝通與回饋","b2-u03-p01","1","b2-u03-l03-s01","3","b2-u03-l03-pattern","appreciation with reason","B2","TRUE","b2-u03-l03","回應具體回饋","I appreciate your feedback because it identifies the main weakness.","我感謝你的回饋，因為它指出了主要弱點。","appreciation with reason","b2-u03-l03-p01-s01-t01","1","i-i-pronoun","i","i-pronoun-01","word","I","i","我","meaning","pronoun 代名詞","pronoun 代名詞","pronoun 代名詞","指稱或限定","i-appreciate-your-feedback","I appreciate your feedback","我感謝你的回饋","1","用於專業且具體地回應意見。","b2-u03-l03-pattern","","","","","","","","","","","web_speech_fallback","pending","","","","","FALSE","TRUE","TRUE","TRUE","pilot_review_required"
"B2","b2-u03","職場專業溝通與回饋","b2-u03-p01","1","b2-u03-l03-s01","3","b2-u03-l03-pattern","appreciation with reason","B2","TRUE","b2-u03-l03","回應具體回饋","I appreciate your feedback because it identifies the main weakness.","我感謝你的回饋，因為它指出了主要弱點。","appreciation with reason","b2-u03-l03-p01-s01-t02","2","appreciate-appreciate-verb","appreciate","appreciate-verb-01","word","appreciate","appreciate","感謝","meaning","verb 動詞","verb 動詞","verb 動詞","動作或狀態","i-appreciate-your-feedback","I appreciate your feedback","我感謝你的回饋","1","用於專業且具體地回應意見。","b2-u03-l03-pattern","","","","","","","","","","","web_speech_fallback","pending","","","","","TRUE","FALSE","TRUE","TRUE","pilot_review_required"
"B2","b2-u03","職場專業溝通與回饋","b2-u03-p01","1","b2-u03-l03-s01","3","b2-u03-l03-pattern","appreciation with reason","B2","TRUE","b2-u03-l03","回應具體回饋","I appreciate your feedback because it identifies the main weakness.","我感謝你的回饋，因為它指出了主要弱點。","appreciation with reason","b2-u03-l03-p01-s01-t03","3","your-your-determiner","your","your-determiner-01","word","your","your","你的","grammar","determiner 限定詞","determiner 限定詞","determiner 限定詞","指稱或限定","i-appreciate-your-feedback","I appreciate your feedback","我感謝你的回饋","1","用於專業且具體地回應意見。","b2-u03-l03-pattern","","","","","","","","","","","web_speech_fallback","pending","","","","","FALSE","FALSE","TRUE","FALSE","pilot_review_required"
"B2","b2-u03","職場專業溝通與回饋","b2-u03-p01","1","b2-u03-l03-s01","3","b2-u03-l03-pattern","appreciation with reason","B2","TRUE","b2-u03-l03","回應具體回饋","I appreciate your feedback because it identifies the main weakness.","我感謝你的回饋，因為它指出了主要弱點。","appreciation with reason","b2-u03-l03-p01-s01-t04","4","feedback-feedback-noun","feedback","feedback-noun-01","word","feedback","feedback","回饋","meaning","noun 名詞","noun 名詞","noun 名詞","核心內容","i-appreciate-your-feedback","I appreciate your feedback","我感謝你的回饋","1","用於專業且具體地回應意見。","b2-u03-l03-pattern","","","","","","","","","","","web_speech_fallback","pending","","","","","TRUE","FALSE","TRUE","TRUE","pilot_review_required"
"B2","b2-u03","職場專業溝通與回饋","b2-u03-p01","1","b2-u03-l03-s01","3","b2-u03-l03-pattern","appreciation with reason","B2","TRUE","b2-u03-l03","回應具體回饋","I appreciate your feedback because it identifies the main weakness.","我感謝你的回饋，因為它指出了主要弱點。","appreciation with reason","b2-u03-l03-p01-s01-t05","5","because-because-conjunction","because","because-conjunction-01","word","because","because","因為","grammar","conjunction 連接詞","conjunction 連接詞","conjunction 連接詞","子句連接","","","","","","b2-u03-l03-pattern","","","","","","","","","","","web_speech_fallback","pending","","","","","FALSE","FALSE","FALSE","FALSE","pilot_review_required"
"B2","b2-u03","職場專業溝通與回饋","b2-u03-p01","1","b2-u03-l03-s01","3","b2-u03-l03-pattern","appreciation with reason","B2","TRUE","b2-u03-l03","回應具體回饋","I appreciate your feedback because it identifies the main weakness.","我感謝你的回饋，因為它指出了主要弱點。","appreciation with reason","b2-u03-l03-p01-s01-t06","6","it-it-pronoun","it","it-pronoun-01","word","it","it","它／這件事","meaning","pronoun 代名詞","pronoun 代名詞","pronoun 代名詞","指稱或限定","","","","","","b2-u03-l03-pattern","","","","","","","","","","","web_speech_fallback","pending","","","","","FALSE","FALSE","FALSE","FALSE","pilot_review_required"
"B2","b2-u03","職場專業溝通與回饋","b2-u03-p01","1","b2-u03-l03-s01","3","b2-u03-l03-pattern","appreciation with reason","B2","TRUE","b2-u03-l03","回應具體回饋","I appreciate your feedback because it identifies the main weakness.","我感謝你的回饋，因為它指出了主要弱點。","appreciation with reason","b2-u03-l03-p01-s01-t07","7","identify-identifies-verb","identify","identify-verb-01","word","identifies","identify","指出","meaning","verb 動詞","verb 動詞","verb 動詞","動作或狀態","","","","","","b2-u03-l03-pattern","","","","","","","","","","","web_speech_fallback","pending","","","","","TRUE","FALSE","FALSE","TRUE","pilot_review_required"
"B2","b2-u03","職場專業溝通與回饋","b2-u03-p01","1","b2-u03-l03-s01","3","b2-u03-l03-pattern","appreciation with reason","B2","TRUE","b2-u03-l03","回應具體回饋","I appreciate your feedback because it identifies the main weakness.","我感謝你的回饋，因為它指出了主要弱點。","appreciation with reason","b2-u03-l03-p01-s01-t08","8","the-the-determiner","the","the-determiner-01","word","the","the","定冠詞（中文通常不翻譯）","grammar","determiner 限定詞","determiner 限定詞","determiner 限定詞","指稱或限定","","","","","","b2-u03-l03-pattern","","","","","","","","","","","web_speech_fallback","pending","","","","","FALSE","FALSE","FALSE","FALSE","pilot_review_required"
"B2","b2-u03","職場專業溝通與回饋","b2-u03-p01","1","b2-u03-l03-s01","3","b2-u03-l03-pattern","appreciation with reason","B2","TRUE","b2-u03-l03","回應具體回饋","I appreciate your feedback because it identifies the main weakness.","我感謝你的回饋，因為它指出了主要弱點。","appreciation with reason","b2-u03-l03-p01-s01-t09","9","main-main-adjective","main","main-adjective-01","word","main","main","主要的","meaning","adjective 形容詞","adjective 形容詞","adjective 形容詞","特徵描述","","","","","","b2-u03-l03-pattern","","","","","","","","","","","web_speech_fallback","pending","","","","","FALSE","FALSE","FALSE","FALSE","pilot_review_required"
"B2","b2-u03","職場專業溝通與回饋","b2-u03-p01","1","b2-u03-l03-s01","3","b2-u03-l03-pattern","appreciation with reason","B2","TRUE","b2-u03-l03","回應具體回饋","I appreciate your feedback because it identifies the main weakness.","我感謝你的回饋，因為它指出了主要弱點。","appreciation with reason","b2-u03-l03-p01-s01-t10","10","weakness-weakness-noun","weakness","weakness-noun-01","word","weakness","weakness","弱點","meaning","noun 名詞","noun 名詞","noun 名詞","核心內容","","","","","","b2-u03-l03-pattern","","","","","","","","","","","web_speech_fallback","pending","","","","","TRUE","FALSE","FALSE","TRUE","pilot_review_required"
"B2","b2-u03","職場專業溝通與回饋","b2-u03-p01","1","b2-u03-l04-s01","4","b2-u03-l04-pattern","present perfect continuous","B2","TRUE","b2-u03-l04","說明持續中的工作","The team has been working on this issue for months.","團隊幾個月來一直在處理這個問題。","present perfect continuous","b2-u03-l04-p01-s01-t01","1","the-the-determiner","the","the-determiner-01","word","The","the","定冠詞（中文通常不翻譯）","grammar","determiner 限定詞","determiner 限定詞","determiner 限定詞","指稱或限定","","","","","","b2-u03-l04-pattern","","","","","","","","","","","web_speech_fallback","pending","","","","","FALSE","TRUE","FALSE","TRUE","pilot_review_required"
"B2","b2-u03","職場專業溝通與回饋","b2-u03-p01","1","b2-u03-l04-s01","4","b2-u03-l04-pattern","present perfect continuous","B2","TRUE","b2-u03-l04","說明持續中的工作","The team has been working on this issue for months.","團隊幾個月來一直在處理這個問題。","present perfect continuous","b2-u03-l04-p01-s01-t02","2","team-team-noun","team","team-noun-01","word","team","team","團隊","meaning","noun 名詞","noun 名詞","noun 名詞","核心內容","","","","","","b2-u03-l04-pattern","","","","","","","","","","","web_speech_fallback","pending","","","","","TRUE","FALSE","FALSE","TRUE","pilot_review_required"
"B2","b2-u03","職場專業溝通與回饋","b2-u03-p01","1","b2-u03-l04-s01","4","b2-u03-l04-pattern","present perfect continuous","B2","TRUE","b2-u03-l04","說明持續中的工作","The team has been working on this issue for months.","團隊幾個月來一直在處理這個問題。","present perfect continuous","b2-u03-l04-p01-s01-t03","3","has-has-auxiliary","has","has-auxiliary-01","word","has","has","已經／有（第三人稱單數）","grammar","auxiliary verb 助動詞","auxiliary verb 助動詞","auxiliary verb 助動詞","動作或狀態","has-been-working","has been working","一直在處理","1","現在完成進行式強調持續至今的活動。","b2-u03-l04-pattern","","","","","","","","","","","web_speech_fallback","pending","","","","","TRUE","FALSE","TRUE","TRUE","pilot_review_required"
"B2","b2-u03","職場專業溝通與回饋","b2-u03-p01","1","b2-u03-l04-s01","4","b2-u03-l04-pattern","present perfect continuous","B2","TRUE","b2-u03-l04","說明持續中的工作","The team has been working on this issue for months.","團隊幾個月來一直在處理這個問題。","present perfect continuous","b2-u03-l04-p01-s01-t04","4","been-been-auxiliary","been","been-auxiliary-01","word","been","been","be 的過去分詞","grammar","auxiliary verb 助動詞","auxiliary verb 助動詞","auxiliary verb 助動詞","動作或狀態","has-been-working","has been working","一直在處理","1","現在完成進行式強調持續至今的活動。","b2-u03-l04-pattern","","","","","","","","","","","web_speech_fallback","pending","","","","","TRUE","FALSE","TRUE","TRUE","pilot_review_required"
"B2","b2-u03","職場專業溝通與回饋","b2-u03-p01","1","b2-u03-l04-s01","4","b2-u03-l04-pattern","present perfect continuous","B2","TRUE","b2-u03-l04","說明持續中的工作","The team has been working on this issue for months.","團隊幾個月來一直在處理這個問題。","present perfect continuous","b2-u03-l04-p01-s01-t05","5","work-working-verb","work","work-verb-01","word","working","work","處理／工作中","meaning","verb 動詞","verb 動詞","verb 動詞","動作或狀態","has-been-working","has been working","一直在處理","1","現在完成進行式強調持續至今的活動。","b2-u03-l04-pattern","","","","","","","","","","","web_speech_fallback","pending","","","","","FALSE","FALSE","TRUE","FALSE","pilot_review_required"
"B2","b2-u03","職場專業溝通與回饋","b2-u03-p01","1","b2-u03-l04-s01","4","b2-u03-l04-pattern","present perfect continuous","B2","TRUE","b2-u03-l04","說明持續中的工作","The team has been working on this issue for months.","團隊幾個月來一直在處理這個問題。","present perfect continuous","b2-u03-l04-p01-s01-t06","6","on-on-preposition","on","on-preposition-01","word","on","on","在……上／進行","grammar","preposition 介系詞","preposition 介系詞","preposition 介系詞","片語關係","","","","","","b2-u03-l04-pattern","","","","","","","","","","","web_speech_fallback","pending","","","","","FALSE","FALSE","FALSE","FALSE","pilot_review_required"
"B2","b2-u03","職場專業溝通與回饋","b2-u03-p01","1","b2-u03-l04-s01","4","b2-u03-l04-pattern","present perfect continuous","B2","TRUE","b2-u03-l04","說明持續中的工作","The team has been working on this issue for months.","團隊幾個月來一直在處理這個問題。","present perfect continuous","b2-u03-l04-p01-s01-t07","7","this-this-determiner","this","this-determiner-01","word","this","this","這個","grammar","determiner 限定詞","determiner 限定詞","determiner 限定詞","指稱或限定","","","","","","b2-u03-l04-pattern","","","","","","","","","","","web_speech_fallback","pending","","","","","FALSE","FALSE","FALSE","FALSE","pilot_review_required"
"B2","b2-u03","職場專業溝通與回饋","b2-u03-p01","1","b2-u03-l04-s01","4","b2-u03-l04-pattern","present perfect continuous","B2","TRUE","b2-u03-l04","說明持續中的工作","The team has been working on this issue for months.","團隊幾個月來一直在處理這個問題。","present perfect continuous","b2-u03-l04-p01-s01-t08","8","issue-issue-noun","issue","issue-noun-01","word","issue","issue","問題","meaning","noun 名詞","noun 名詞","noun 名詞","核心內容","","","","","","b2-u03-l04-pattern","","","","","","","","","","","web_speech_fallback","pending","","","","","FALSE","FALSE","FALSE","FALSE","pilot_review_required"
"B2","b2-u03","職場專業溝通與回饋","b2-u03-p01","1","b2-u03-l04-s01","4","b2-u03-l04-pattern","present perfect continuous","B2","TRUE","b2-u03-l04","說明持續中的工作","The team has been working on this issue for months.","團隊幾個月來一直在處理這個問題。","present perfect continuous","b2-u03-l04-p01-s01-t09","9","for-for-preposition","for","for-preposition-01","word","for","for","持續／為了","grammar","preposition 介系詞","preposition 介系詞","preposition 介系詞","片語關係","","","","","","b2-u03-l04-pattern","","","","","","","","","","","web_speech_fallback","pending","","","","","FALSE","FALSE","FALSE","FALSE","pilot_review_required"
"B2","b2-u03","職場專業溝通與回饋","b2-u03-p01","1","b2-u03-l04-s01","4","b2-u03-l04-pattern","present perfect continuous","B2","TRUE","b2-u03-l04","說明持續中的工作","The team has been working on this issue for months.","團隊幾個月來一直在處理這個問題。","present perfect continuous","b2-u03-l04-p01-s01-t10","10","month-months-noun","month","month-noun-01","word","months","month","幾個月","meaning","noun 名詞","noun 名詞","noun 名詞","核心內容","","","","","","b2-u03-l04-pattern","","","","","","","","","","","web_speech_fallback","pending","","","","","TRUE","FALSE","FALSE","TRUE","pilot_review_required"
"B2","b2-u04","新聞與公共議題","b2-u04-p01","1","b2-u04-l01-s01","1","b2-u04-l01-pattern","reporting verb claims","B2","TRUE","b2-u04-l01","辨識報導中的主張","The report claims that public support has increased recently.","報告聲稱大眾支持最近有所增加。","reporting verb claims","b2-u04-l01-p01-s01-t01","1","the-the-determiner","the","the-determiner-01","word","The","the","定冠詞（中文通常不翻譯）","grammar","determiner 限定詞","determiner 限定詞","determiner 限定詞","指稱或限定","the-report-claims-that","the report claims that","報告聲稱","1","claims 表示這是來源提出的說法。","b2-u04-l01-pattern","","","","","","","","","","","web_speech_fallback","pending","","","","","FALSE","TRUE","TRUE","TRUE","pilot_review_required"
"B2","b2-u04","新聞與公共議題","b2-u04-p01","1","b2-u04-l01-s01","1","b2-u04-l01-pattern","reporting verb claims","B2","TRUE","b2-u04-l01","辨識報導中的主張","The report claims that public support has increased recently.","報告聲稱大眾支持最近有所增加。","reporting verb claims","b2-u04-l01-p01-s01-t02","2","report-report-noun","report","report-noun-01","word","report","report","報告","meaning","noun 名詞","noun 名詞","noun 名詞","核心內容","the-report-claims-that","the report claims that","報告聲稱","1","claims 表示這是來源提出的說法。","b2-u04-l01-pattern","","","","","","","","","","","web_speech_fallback","pending","","","","","FALSE","FALSE","TRUE","FALSE","pilot_review_required"
"B2","b2-u04","新聞與公共議題","b2-u04-p01","1","b2-u04-l01-s01","1","b2-u04-l01-pattern","reporting verb claims","B2","TRUE","b2-u04-l01","辨識報導中的主張","The report claims that public support has increased recently.","報告聲稱大眾支持最近有所增加。","reporting verb claims","b2-u04-l01-p01-s01-t03","3","claim-claims-verb","claim","claim-verb-01","word","claims","claim","聲稱","meaning","verb 動詞","verb 動詞","verb 動詞","動作或狀態","the-report-claims-that","the report claims that","報告聲稱","1","claims 表示這是來源提出的說法。","b2-u04-l01-pattern","","","","","","","","","","","web_speech_fallback","pending","","","","","TRUE","FALSE","TRUE","TRUE","pilot_review_required"
"B2","b2-u04","新聞與公共議題","b2-u04-p01","1","b2-u04-l01-s01","1","b2-u04-l01-pattern","reporting verb claims","B2","TRUE","b2-u04-l01","辨識報導中的主張","The report claims that public support has increased recently.","報告聲稱大眾支持最近有所增加。","reporting verb claims","b2-u04-l01-p01-s01-t04","4","that-that-determiner","that","that-determiner-01","word","that","that","那個／用來連接子句","grammar","determiner 限定詞","determiner 限定詞","determiner 限定詞","指稱或限定","the-report-claims-that","the report claims that","報告聲稱","1","claims 表示這是來源提出的說法。","b2-u04-l01-pattern","","","","","","","","","","","web_speech_fallback","pending","","","","","FALSE","FALSE","TRUE","FALSE","pilot_review_required"
"B2","b2-u04","新聞與公共議題","b2-u04-p01","1","b2-u04-l01-s01","1","b2-u04-l01-pattern","reporting verb claims","B2","TRUE","b2-u04-l01","辨識報導中的主張","The report claims that public support has increased recently.","報告聲稱大眾支持最近有所增加。","reporting verb claims","b2-u04-l01-p01-s01-t05","5","public-public-adjective","public","public-adjective-01","word","public","public","大眾的／公共的","meaning","adjective 形容詞","adjective 形容詞","adjective 形容詞","特徵描述","","","","","","b2-u04-l01-pattern","","","","","","","","","","","web_speech_fallback","pending","","","","","FALSE","FALSE","FALSE","FALSE","pilot_review_required"
"B2","b2-u04","新聞與公共議題","b2-u04-p01","1","b2-u04-l01-s01","1","b2-u04-l01-pattern","reporting verb claims","B2","TRUE","b2-u04-l01","辨識報導中的主張","The report claims that public support has increased recently.","報告聲稱大眾支持最近有所增加。","reporting verb claims","b2-u04-l01-p01-s01-t06","6","support-support-noun","support","support-noun-01","word","support","support","支持","meaning","noun 名詞","noun 名詞","noun 名詞","核心內容","","","","","","b2-u04-l01-pattern","","","","","","","","","","","web_speech_fallback","pending","","","","","FALSE","FALSE","FALSE","FALSE","pilot_review_required"
"B2","b2-u04","新聞與公共議題","b2-u04-p01","1","b2-u04-l01-s01","1","b2-u04-l01-pattern","reporting verb claims","B2","TRUE","b2-u04-l01","辨識報導中的主張","The report claims that public support has increased recently.","報告聲稱大眾支持最近有所增加。","reporting verb claims","b2-u04-l01-p01-s01-t07","7","has-has-auxiliary","has","has-auxiliary-01","word","has","has","已經／有（第三人稱單數）","grammar","auxiliary verb 助動詞","auxiliary verb 助動詞","auxiliary verb 助動詞","動作或狀態","","","","","","b2-u04-l01-pattern","","","","","","","","","","","web_speech_fallback","pending","","","","","FALSE","FALSE","FALSE","FALSE","pilot_review_required"
"B2","b2-u04","新聞與公共議題","b2-u04-p01","1","b2-u04-l01-s01","1","b2-u04-l01-pattern","reporting verb claims","B2","TRUE","b2-u04-l01","辨識報導中的主張","The report claims that public support has increased recently.","報告聲稱大眾支持最近有所增加。","reporting verb claims","b2-u04-l01-p01-s01-t08","8","increase-increased-verb","increase","increase-verb-01","word","increased","increase","增加了","meaning","verb 動詞","verb 動詞","verb 動詞","動作或狀態","","","","","","b2-u04-l01-pattern","","","","","","","","","","","web_speech_fallback","pending","","","","","TRUE","FALSE","FALSE","TRUE","pilot_review_required"
"B2","b2-u04","新聞與公共議題","b2-u04-p01","1","b2-u04-l01-s01","1","b2-u04-l01-pattern","reporting verb claims","B2","TRUE","b2-u04-l01","辨識報導中的主張","The report claims that public support has increased recently.","報告聲稱大眾支持最近有所增加。","reporting verb claims","b2-u04-l01-p01-s01-t09","9","recently-recently-adverb","recently","recently-adverb-01","word","recently","recently","最近","meaning","adverb 副詞","adverb 副詞","adverb 副詞","時間、方式或程度","","","","","","b2-u04-l01-pattern","","","","","","","","","","","web_speech_fallback","pending","","","","","TRUE","FALSE","FALSE","TRUE","pilot_review_required"
"B2","b2-u04","新聞與公共議題","b2-u04-p01","1","b2-u04-l02-s01","2","b2-u04-l02-pattern","passive event with after","B2","TRUE","b2-u04-l02","說明政策背景","The policy was introduced after several experts raised concerns.","幾位專家提出疑慮後，這項政策被推出。","passive event with after","b2-u04-l02-p01-s01-t01","1","the-the-determiner","the","the-determiner-01","word","The","the","定冠詞（中文通常不翻譯）","grammar","determiner 限定詞","determiner 限定詞","determiner 限定詞","指稱或限定","","","","","","b2-u04-l02-pattern","","","","","","","","","","","web_speech_fallback","pending","","","","","FALSE","TRUE","FALSE","TRUE","pilot_review_required"
"B2","b2-u04","新聞與公共議題","b2-u04-p01","1","b2-u04-l02-s01","2","b2-u04-l02-pattern","passive event with after","B2","TRUE","b2-u04-l02","說明政策背景","The policy was introduced after several experts raised concerns.","幾位專家提出疑慮後，這項政策被推出。","passive event with after","b2-u04-l02-p01-s01-t02","2","policy-policy-noun","policy","policy-noun-01","word","policy","policy","政策","meaning","noun 名詞","noun 名詞","noun 名詞","核心內容","","","","","","b2-u04-l02-pattern","","","","","","","","","","","web_speech_fallback","pending","","","","","TRUE","FALSE","FALSE","TRUE","pilot_review_required"
"B2","b2-u04","新聞與公共議題","b2-u04-p01","1","b2-u04-l02-s01","2","b2-u04-l02-pattern","passive event with after","B2","TRUE","b2-u04-l02","說明政策背景","The policy was introduced after several experts raised concerns.","幾位專家提出疑慮後，這項政策被推出。","passive event with after","b2-u04-l02-p01-s01-t03","3","was-was-auxiliary","was","was-auxiliary-01","word","was","was","是／正在（過去）","grammar","auxiliary verb 助動詞","auxiliary verb 助動詞","auxiliary verb 助動詞","動作或狀態","was-introduced","was introduced","被推出","1","被動語態聚焦政策本身。","b2-u04-l02-pattern","","","","","","","","","","","web_speech_fallback","pending","","","","","FALSE","FALSE","TRUE","FALSE","pilot_review_required"
"B2","b2-u04","新聞與公共議題","b2-u04-p01","1","b2-u04-l02-s01","2","b2-u04-l02-pattern","passive event with after","B2","TRUE","b2-u04-l02","說明政策背景","The policy was introduced after several experts raised concerns.","幾位專家提出疑慮後，這項政策被推出。","passive event with after","b2-u04-l02-p01-s01-t04","4","introduce-introduced-verb","introduce","introduce-verb-01","word","introduced","introduce","推出／引進","meaning","verb 動詞","verb 動詞","verb 動詞","動作或狀態","was-introduced","was introduced","被推出","1","被動語態聚焦政策本身。","b2-u04-l02-pattern","","","","","","","","","","","web_speech_fallback","pending","","","","","TRUE","FALSE","TRUE","TRUE","pilot_review_required"
"B2","b2-u04","新聞與公共議題","b2-u04-p01","1","b2-u04-l02-s01","2","b2-u04-l02-pattern","passive event with after","B2","TRUE","b2-u04-l02","說明政策背景","The policy was introduced after several experts raised concerns.","幾位專家提出疑慮後，這項政策被推出。","passive event with after","b2-u04-l02-p01-s01-t05","5","after-after-preposition","after","after-preposition-01","word","after","after","在……之後","grammar","preposition 介系詞","preposition 介系詞","preposition 介系詞","片語關係","","","","","","b2-u04-l02-pattern","","","","","","","","","","","web_speech_fallback","pending","","","","","FALSE","FALSE","FALSE","FALSE","pilot_review_required"
"B2","b2-u04","新聞與公共議題","b2-u04-p01","1","b2-u04-l02-s01","2","b2-u04-l02-pattern","passive event with after","B2","TRUE","b2-u04-l02","說明政策背景","The policy was introduced after several experts raised concerns.","幾位專家提出疑慮後，這項政策被推出。","passive event with after","b2-u04-l02-p01-s01-t06","6","several-several-determiner","several","several-determiner-01","word","several","several","幾個","grammar","determiner 限定詞","determiner 限定詞","determiner 限定詞","指稱或限定","","","","","","b2-u04-l02-pattern","","","","","","","","","","","web_speech_fallback","pending","","","","","FALSE","FALSE","FALSE","FALSE","pilot_review_required"
"B2","b2-u04","新聞與公共議題","b2-u04-p01","1","b2-u04-l02-s01","2","b2-u04-l02-pattern","passive event with after","B2","TRUE","b2-u04-l02","說明政策背景","The policy was introduced after several experts raised concerns.","幾位專家提出疑慮後，這項政策被推出。","passive event with after","b2-u04-l02-p01-s01-t07","7","expert-experts-noun","expert","expert-noun-01","word","experts","expert","專家","meaning","noun 名詞","noun 名詞","noun 名詞","核心內容","","","","","","b2-u04-l02-pattern","","","","","","","","","","","web_speech_fallback","pending","","","","","TRUE","FALSE","FALSE","TRUE","pilot_review_required"
"B2","b2-u04","新聞與公共議題","b2-u04-p01","1","b2-u04-l02-s01","2","b2-u04-l02-pattern","passive event with after","B2","TRUE","b2-u04-l02","說明政策背景","The policy was introduced after several experts raised concerns.","幾位專家提出疑慮後，這項政策被推出。","passive event with after","b2-u04-l02-p01-s01-t08","8","raise-raised-verb","raise","raise-verb-01","word","raised","raise","提出","meaning","verb 動詞","verb 動詞","verb 動詞","動作或狀態","","","","","","b2-u04-l02-pattern","","","","","","","","","","","web_speech_fallback","pending","","","","","TRUE","FALSE","FALSE","TRUE","pilot_review_required"
"B2","b2-u04","新聞與公共議題","b2-u04-p01","1","b2-u04-l02-s01","2","b2-u04-l02-pattern","passive event with after","B2","TRUE","b2-u04-l02","說明政策背景","The policy was introduced after several experts raised concerns.","幾位專家提出疑慮後，這項政策被推出。","passive event with after","b2-u04-l02-p01-s01-t09","9","concern-concerns-noun","concern","concern-noun-01","word","concerns","concern","疑慮","meaning","noun 名詞","noun 名詞","noun 名詞","核心內容","","","","","","b2-u04-l02-pattern","","","","","","","","","","","web_speech_fallback","pending","","","","","FALSE","FALSE","FALSE","FALSE","pilot_review_required"
"B2","b2-u04","新聞與公共議題","b2-u04-p01","1","b2-u04-l03-s01","3","b2-u04-l03-pattern","source attribution with according to","B2","TRUE","b2-u04-l03","轉述文章可能影響","According to the article the decision may affect small businesses.","根據這篇文章，這項決定可能影響小型企業。","source attribution with according to","b2-u04-l03-p01-s01-t01","1","according-according-preposition","according","according-preposition-01","word","According","according","與 to 組成「根據」","grammar","preposition 介系詞","preposition 介系詞","preposition 介系詞","片語關係","according-to-the-article","according to the article","根據這篇文章","1","用來清楚標示資訊來源。","b2-u04-l03-pattern","","","","","","","","","","","web_speech_fallback","pending","","","","","TRUE","TRUE","TRUE","TRUE","pilot_review_required"
"B2","b2-u04","新聞與公共議題","b2-u04-p01","1","b2-u04-l03-s01","3","b2-u04-l03-pattern","source attribution with according to","B2","TRUE","b2-u04-l03","轉述文章可能影響","According to the article the decision may affect small businesses.","根據這篇文章，這項決定可能影響小型企業。","source attribution with according to","b2-u04-l03-p01-s01-t02","2","to-to-preposition","to","to-preposition-01","word","to","to","不定詞標記／到","grammar","preposition 介系詞","preposition 介系詞","preposition 介系詞","片語關係","according-to-the-article","according to the article","根據這篇文章","1","用來清楚標示資訊來源。","b2-u04-l03-pattern","","","","","","","","","","","web_speech_fallback","pending","","","","","FALSE","FALSE","TRUE","FALSE","pilot_review_required"
"B2","b2-u04","新聞與公共議題","b2-u04-p01","1","b2-u04-l03-s01","3","b2-u04-l03-pattern","source attribution with according to","B2","TRUE","b2-u04-l03","轉述文章可能影響","According to the article the decision may affect small businesses.","根據這篇文章，這項決定可能影響小型企業。","source attribution with according to","b2-u04-l03-p01-s01-t03","3","the-the-determiner","the","the-determiner-01","word","the","the","定冠詞（中文通常不翻譯）","grammar","determiner 限定詞","determiner 限定詞","determiner 限定詞","指稱或限定","according-to-the-article","according to the article","根據這篇文章","1","用來清楚標示資訊來源。","b2-u04-l03-pattern","","","","","","","","","","","web_speech_fallback","pending","","","","","FALSE","FALSE","TRUE","FALSE","pilot_review_required"
"B2","b2-u04","新聞與公共議題","b2-u04-p01","1","b2-u04-l03-s01","3","b2-u04-l03-pattern","source attribution with according to","B2","TRUE","b2-u04-l03","轉述文章可能影響","According to the article the decision may affect small businesses.","根據這篇文章，這項決定可能影響小型企業。","source attribution with according to","b2-u04-l03-p01-s01-t04","4","article-article-noun","article","article-noun-01","word","article","article","文章","meaning","noun 名詞","noun 名詞","noun 名詞","核心內容","according-to-the-article","according to the article","根據這篇文章","1","用來清楚標示資訊來源。","b2-u04-l03-pattern","","","","","","","","","","","web_speech_fallback","pending","","","","","TRUE","FALSE","TRUE","TRUE","pilot_review_required"
"B2","b2-u04","新聞與公共議題","b2-u04-p01","1","b2-u04-l03-s01","3","b2-u04-l03-pattern","source attribution with according to","B2","TRUE","b2-u04-l03","轉述文章可能影響","According to the article the decision may affect small businesses.","根據這篇文章，這項決定可能影響小型企業。","source attribution with according to","b2-u04-l03-p01-s01-t05","5","the-the-determiner","the","the-determiner-01","word","the","the","定冠詞（中文通常不翻譯）","grammar","determiner 限定詞","determiner 限定詞","determiner 限定詞","指稱或限定","","","","","","b2-u04-l03-pattern","","","","","","","","","","","web_speech_fallback","pending","","","","","FALSE","FALSE","FALSE","FALSE","pilot_review_required"
"B2","b2-u04","新聞與公共議題","b2-u04-p01","1","b2-u04-l03-s01","3","b2-u04-l03-pattern","source attribution with according to","B2","TRUE","b2-u04-l03","轉述文章可能影響","According to the article the decision may affect small businesses.","根據這篇文章，這項決定可能影響小型企業。","source attribution with according to","b2-u04-l03-p01-s01-t06","6","decision-decision-noun","decision","decision-noun-01","word","decision","decision","決定","meaning","noun 名詞","noun 名詞","noun 名詞","核心內容","","","","","","b2-u04-l03-pattern","","","","","","","","","","","web_speech_fallback","pending","","","","","TRUE","FALSE","FALSE","TRUE","pilot_review_required"
"B2","b2-u04","新聞與公共議題","b2-u04-p01","1","b2-u04-l03-s01","3","b2-u04-l03-pattern","source attribution with according to","B2","TRUE","b2-u04-l03","轉述文章可能影響","According to the article the decision may affect small businesses.","根據這篇文章，這項決定可能影響小型企業。","source attribution with according to","b2-u04-l03-p01-s01-t07","7","may-may-auxiliary","may","may-auxiliary-01","word","may","may","可能","grammar","auxiliary verb 助動詞","auxiliary verb 助動詞","auxiliary verb 助動詞","動作或狀態","","","","","","b2-u04-l03-pattern","","","","","","","","","","","web_speech_fallback","pending","","","","","FALSE","FALSE","FALSE","FALSE","pilot_review_required"
"B2","b2-u04","新聞與公共議題","b2-u04-p01","1","b2-u04-l03-s01","3","b2-u04-l03-pattern","source attribution with according to","B2","TRUE","b2-u04-l03","轉述文章可能影響","According to the article the decision may affect small businesses.","根據這篇文章，這項決定可能影響小型企業。","source attribution with according to","b2-u04-l03-p01-s01-t08","8","affect-affect-verb","affect","affect-verb-01","word","affect","affect","影響","meaning","verb 動詞","verb 動詞","verb 動詞","動作或狀態","","","","","","b2-u04-l03-pattern","","","","","","","","","","","web_speech_fallback","pending","","","","","TRUE","FALSE","FALSE","TRUE","pilot_review_required"
"B2","b2-u04","新聞與公共議題","b2-u04-p01","1","b2-u04-l03-s01","3","b2-u04-l03-pattern","source attribution with according to","B2","TRUE","b2-u04-l03","轉述文章可能影響","According to the article the decision may affect small businesses.","根據這篇文章，這項決定可能影響小型企業。","source attribution with according to","b2-u04-l03-p01-s01-t09","9","small-small-adjective","small","small-adjective-01","word","small","small","小型的","meaning","adjective 形容詞","adjective 形容詞","adjective 形容詞","特徵描述","","","","","","b2-u04-l03-pattern","","","","","","","","","","","web_speech_fallback","pending","","","","","TRUE","FALSE","FALSE","TRUE","pilot_review_required"
"B2","b2-u04","新聞與公共議題","b2-u04-p01","1","b2-u04-l03-s01","3","b2-u04-l03-pattern","source attribution with according to","B2","TRUE","b2-u04-l03","轉述文章可能影響","According to the article the decision may affect small businesses.","根據這篇文章，這項決定可能影響小型企業。","source attribution with according to","b2-u04-l03-p01-s01-t10","10","business-businesses-noun","business","business-noun-01","word","businesses","business","企業","meaning","noun 名詞","noun 名詞","noun 名詞","核心內容","","","","","","b2-u04-l03-pattern","","","","","","","","","","","web_speech_fallback","pending","","","","","TRUE","FALSE","FALSE","TRUE","pilot_review_required"
"B2","b2-u04","新聞與公共議題","b2-u04-p01","1","b2-u04-l04-s01","4","b2-u04-l04-pattern","whether clause for source checking","B2","TRUE","b2-u04-l04","檢查證據可靠性","We should check whether the source provides reliable evidence.","我們應該檢查這個來源是否提供可靠證據。","whether clause for source checking","b2-u04-l04-p01-s01-t01","1","we-we-pronoun","we","we-pronoun-01","word","We","we","我們","meaning","pronoun 代名詞","pronoun 代名詞","pronoun 代名詞","指稱或限定","","","","","","b2-u04-l04-pattern","","","","","","","","","","","web_speech_fallback","pending","","","","","FALSE","TRUE","FALSE","TRUE","pilot_review_required"
"B2","b2-u04","新聞與公共議題","b2-u04-p01","1","b2-u04-l04-s01","4","b2-u04-l04-pattern","whether clause for source checking","B2","TRUE","b2-u04-l04","檢查證據可靠性","We should check whether the source provides reliable evidence.","我們應該檢查這個來源是否提供可靠證據。","whether clause for source checking","b2-u04-l04-p01-s01-t02","2","should-should-auxiliary","should","should-auxiliary-01","word","should","should","應該","grammar","auxiliary verb 助動詞","auxiliary verb 助動詞","auxiliary verb 助動詞","動作或狀態","","","","","","b2-u04-l04-pattern","","","","","","","","","","","web_speech_fallback","pending","","","","","FALSE","FALSE","FALSE","FALSE","pilot_review_required"
"B2","b2-u04","新聞與公共議題","b2-u04-p01","1","b2-u04-l04-s01","4","b2-u04-l04-pattern","whether clause for source checking","B2","TRUE","b2-u04-l04","檢查證據可靠性","We should check whether the source provides reliable evidence.","我們應該檢查這個來源是否提供可靠證據。","whether clause for source checking","b2-u04-l04-p01-s01-t03","3","check-check-verb","check","check-verb-01","word","check","check","檢查","meaning","verb 動詞","verb 動詞","verb 動詞","動作或狀態","check-whether","check whether","檢查是否","1","whether 引出需要核實的內容。","b2-u04-l04-pattern","","","","","","","","","","","web_speech_fallback","pending","","","","","TRUE","FALSE","TRUE","TRUE","pilot_review_required"
"B2","b2-u04","新聞與公共議題","b2-u04-p01","1","b2-u04-l04-s01","4","b2-u04-l04-pattern","whether clause for source checking","B2","TRUE","b2-u04-l04","檢查證據可靠性","We should check whether the source provides reliable evidence.","我們應該檢查這個來源是否提供可靠證據。","whether clause for source checking","b2-u04-l04-p01-s01-t04","4","whether-whether-conjunction","whether","whether-conjunction-01","word","whether","whether","是否","grammar","conjunction 連接詞","conjunction 連接詞","conjunction 連接詞","子句連接","check-whether","check whether","檢查是否","1","whether 引出需要核實的內容。","b2-u04-l04-pattern","","","","","","","","","","","web_speech_fallback","pending","","","","","FALSE","FALSE","TRUE","FALSE","pilot_review_required"
"B2","b2-u04","新聞與公共議題","b2-u04-p01","1","b2-u04-l04-s01","4","b2-u04-l04-pattern","whether clause for source checking","B2","TRUE","b2-u04-l04","檢查證據可靠性","We should check whether the source provides reliable evidence.","我們應該檢查這個來源是否提供可靠證據。","whether clause for source checking","b2-u04-l04-p01-s01-t05","5","the-the-determiner","the","the-determiner-01","word","the","the","定冠詞（中文通常不翻譯）","grammar","determiner 限定詞","determiner 限定詞","determiner 限定詞","指稱或限定","","","","","","b2-u04-l04-pattern","","","","","","","","","","","web_speech_fallback","pending","","","","","FALSE","FALSE","FALSE","FALSE","pilot_review_required"
"B2","b2-u04","新聞與公共議題","b2-u04-p01","1","b2-u04-l04-s01","4","b2-u04-l04-pattern","whether clause for source checking","B2","TRUE","b2-u04-l04","檢查證據可靠性","We should check whether the source provides reliable evidence.","我們應該檢查這個來源是否提供可靠證據。","whether clause for source checking","b2-u04-l04-p01-s01-t06","6","source-source-noun","source","source-noun-01","word","source","source","來源","meaning","noun 名詞","noun 名詞","noun 名詞","核心內容","","","","","","b2-u04-l04-pattern","","","","","","","","","","","web_speech_fallback","pending","","","","","TRUE","FALSE","FALSE","TRUE","pilot_review_required"
"B2","b2-u04","新聞與公共議題","b2-u04-p01","1","b2-u04-l04-s01","4","b2-u04-l04-pattern","whether clause for source checking","B2","TRUE","b2-u04-l04","檢查證據可靠性","We should check whether the source provides reliable evidence.","我們應該檢查這個來源是否提供可靠證據。","whether clause for source checking","b2-u04-l04-p01-s01-t07","7","provide-provides-verb","provide","provide-verb-01","word","provides","provide","提供","meaning","verb 動詞","verb 動詞","verb 動詞","動作或狀態","","","","","","b2-u04-l04-pattern","","","","","","","","","","","web_speech_fallback","pending","","","","","TRUE","FALSE","FALSE","TRUE","pilot_review_required"
"B2","b2-u04","新聞與公共議題","b2-u04-p01","1","b2-u04-l04-s01","4","b2-u04-l04-pattern","whether clause for source checking","B2","TRUE","b2-u04-l04","檢查證據可靠性","We should check whether the source provides reliable evidence.","我們應該檢查這個來源是否提供可靠證據。","whether clause for source checking","b2-u04-l04-p01-s01-t08","8","reliable-reliable-adjective","reliable","reliable-adjective-01","word","reliable","reliable","可靠的","meaning","adjective 形容詞","adjective 形容詞","adjective 形容詞","特徵描述","","","","","","b2-u04-l04-pattern","","","","","","","","","","","web_speech_fallback","pending","","","","","TRUE","FALSE","FALSE","TRUE","pilot_review_required"
"B2","b2-u04","新聞與公共議題","b2-u04-p01","1","b2-u04-l04-s01","4","b2-u04-l04-pattern","whether clause for source checking","B2","TRUE","b2-u04-l04","檢查證據可靠性","We should check whether the source provides reliable evidence.","我們應該檢查這個來源是否提供可靠證據。","whether clause for source checking","b2-u04-l04-p01-s01-t09","9","evidence-evidence-noun","evidence","evidence-noun-01","word","evidence","evidence","證據","meaning","noun 名詞","noun 名詞","noun 名詞","核心內容","","","","","","b2-u04-l04-pattern","","","","","","","","","","","web_speech_fallback","pending","","","","","TRUE","FALSE","FALSE","TRUE","pilot_review_required"
"B2","b2-u05","文化差異與跨文化交流","b2-u05-p01","1","b2-u05-l01-s01","1","b2-u05-l01-pattern","modal may for interpretation","B2","TRUE","b2-u05-l01","理解行為差異","People may interpret the same behavior in different ways.","人們可能會用不同方式解讀相同的行為。","modal may for interpretation","b2-u05-l01-p01-s01-t01","1","person-people-noun","person","person-noun-01","word","People","person","人們","meaning","noun 名詞","noun 名詞","noun 名詞","核心內容","","","","","","b2-u05-l01-pattern","","","","","","","","","","","web_speech_fallback","pending","","","","","FALSE","TRUE","FALSE","TRUE","pilot_review_required"
"B2","b2-u05","文化差異與跨文化交流","b2-u05-p01","1","b2-u05-l01-s01","1","b2-u05-l01-pattern","modal may for interpretation","B2","TRUE","b2-u05-l01","理解行為差異","People may interpret the same behavior in different ways.","人們可能會用不同方式解讀相同的行為。","modal may for interpretation","b2-u05-l01-p01-s01-t02","2","may-may-auxiliary","may","may-auxiliary-01","word","may","may","可能","grammar","auxiliary verb 助動詞","auxiliary verb 助動詞","auxiliary verb 助動詞","動作或狀態","","","","","","b2-u05-l01-pattern","","","","","","","","","","","web_speech_fallback","pending","","","","","FALSE","FALSE","FALSE","FALSE","pilot_review_required"
"B2","b2-u05","文化差異與跨文化交流","b2-u05-p01","1","b2-u05-l01-s01","1","b2-u05-l01-pattern","modal may for interpretation","B2","TRUE","b2-u05-l01","理解行為差異","People may interpret the same behavior in different ways.","人們可能會用不同方式解讀相同的行為。","modal may for interpretation","b2-u05-l01-p01-s01-t03","3","interpret-interpret-verb","interpret","interpret-verb-01","word","interpret","interpret","解讀","meaning","verb 動詞","verb 動詞","verb 動詞","動作或狀態","interpret-the-same-behavior","interpret the same behavior","解讀相同的行為","1","interpret 強調對行為賦予意義。","b2-u05-l01-pattern","","","","","","","","","","","web_speech_fallback","pending","","","","","TRUE","FALSE","TRUE","TRUE","pilot_review_required"
"B2","b2-u05","文化差異與跨文化交流","b2-u05-p01","1","b2-u05-l01-s01","1","b2-u05-l01-pattern","modal may for interpretation","B2","TRUE","b2-u05-l01","理解行為差異","People may interpret the same behavior in different ways.","人們可能會用不同方式解讀相同的行為。","modal may for interpretation","b2-u05-l01-p01-s01-t04","4","the-the-determiner","the","the-determiner-01","word","the","the","定冠詞（中文通常不翻譯）","grammar","determiner 限定詞","determiner 限定詞","determiner 限定詞","指稱或限定","interpret-the-same-behavior","interpret the same behavior","解讀相同的行為","1","interpret 強調對行為賦予意義。","b2-u05-l01-pattern","","","","","","","","","","","web_speech_fallback","pending","","","","","FALSE","FALSE","TRUE","FALSE","pilot_review_required"
"B2","b2-u05","文化差異與跨文化交流","b2-u05-p01","1","b2-u05-l01-s01","1","b2-u05-l01-pattern","modal may for interpretation","B2","TRUE","b2-u05-l01","理解行為差異","People may interpret the same behavior in different ways.","人們可能會用不同方式解讀相同的行為。","modal may for interpretation","b2-u05-l01-p01-s01-t05","5","same-same-adjective","same","same-adjective-01","word","same","same","相同的","meaning","adjective 形容詞","adjective 形容詞","adjective 形容詞","特徵描述","interpret-the-same-behavior","interpret the same behavior","解讀相同的行為","1","interpret 強調對行為賦予意義。","b2-u05-l01-pattern","","","","","","","","","","","web_speech_fallback","pending","","","","","TRUE","FALSE","TRUE","TRUE","pilot_review_required"
"B2","b2-u05","文化差異與跨文化交流","b2-u05-p01","1","b2-u05-l01-s01","1","b2-u05-l01-pattern","modal may for interpretation","B2","TRUE","b2-u05-l01","理解行為差異","People may interpret the same behavior in different ways.","人們可能會用不同方式解讀相同的行為。","modal may for interpretation","b2-u05-l01-p01-s01-t06","6","behavior-behavior-noun","behavior","behavior-noun-01","word","behavior","behavior","行為","meaning","noun 名詞","noun 名詞","noun 名詞","核心內容","interpret-the-same-behavior","interpret the same behavior","解讀相同的行為","1","interpret 強調對行為賦予意義。","b2-u05-l01-pattern","","","","","","","","","","","web_speech_fallback","pending","","","","","TRUE","FALSE","TRUE","TRUE","pilot_review_required"
"B2","b2-u05","文化差異與跨文化交流","b2-u05-p01","1","b2-u05-l01-s01","1","b2-u05-l01-pattern","modal may for interpretation","B2","TRUE","b2-u05-l01","理解行為差異","People may interpret the same behavior in different ways.","人們可能會用不同方式解讀相同的行為。","modal may for interpretation","b2-u05-l01-p01-s01-t07","7","in-in-preposition","in","in-preposition-01","word","in","in","在……裡／依照","grammar","preposition 介系詞","preposition 介系詞","preposition 介系詞","片語關係","","","","","","b2-u05-l01-pattern","","","","","","","","","","","web_speech_fallback","pending","","","","","FALSE","FALSE","FALSE","FALSE","pilot_review_required"
"B2","b2-u05","文化差異與跨文化交流","b2-u05-p01","1","b2-u05-l01-s01","1","b2-u05-l01-pattern","modal may for interpretation","B2","TRUE","b2-u05-l01","理解行為差異","People may interpret the same behavior in different ways.","人們可能會用不同方式解讀相同的行為。","modal may for interpretation","b2-u05-l01-p01-s01-t08","8","different-different-adjective","different","different-adjective-01","word","different","different","不同的","meaning","adjective 形容詞","adjective 形容詞","adjective 形容詞","特徵描述","","","","","","b2-u05-l01-pattern","","","","","","","","","","","web_speech_fallback","pending","","","","","FALSE","FALSE","FALSE","FALSE","pilot_review_required"
"B2","b2-u05","文化差異與跨文化交流","b2-u05-p01","1","b2-u05-l01-s01","1","b2-u05-l01-pattern","modal may for interpretation","B2","TRUE","b2-u05-l01","理解行為差異","People may interpret the same behavior in different ways.","人們可能會用不同方式解讀相同的行為。","modal may for interpretation","b2-u05-l01-p01-s01-t09","9","way-ways-noun","way","way-noun-01","word","ways","way","方式","meaning","noun 名詞","noun 名詞","noun 名詞","核心內容","","","","","","b2-u05-l01-pattern","","","","","","","","","","","web_speech_fallback","pending","","","","","TRUE","FALSE","FALSE","TRUE","pilot_review_required"
"B2","b2-u05","文化差異與跨文化交流","b2-u05-p01","1","b2-u05-l02-s01","2","b2-u05-l02-pattern","what clause with contrast","B2","TRUE","b2-u05-l02","比較文化感受","What seems polite in one culture may feel distant in another.","在一種文化中看似有禮貌的行為，在另一種文化中可能顯得疏遠。","what clause with contrast","b2-u05-l02-p01-s01-t01","1","what-what-pronoun","what","what-pronoun-01","word","What","what","什麼／所……的事","meaning","pronoun 代名詞","pronoun 代名詞","pronoun 代名詞","指稱或限定","","","","","","b2-u05-l02-pattern","","","","","","","","","","","web_speech_fallback","pending","","","","","TRUE","TRUE","FALSE","TRUE","pilot_review_required"
"B2","b2-u05","文化差異與跨文化交流","b2-u05-p01","1","b2-u05-l02-s01","2","b2-u05-l02-pattern","what clause with contrast","B2","TRUE","b2-u05-l02","比較文化感受","What seems polite in one culture may feel distant in another.","在一種文化中看似有禮貌的行為，在另一種文化中可能顯得疏遠。","what clause with contrast","b2-u05-l02-p01-s01-t02","2","seem-seems-verb","seem","seem-verb-01","word","seems","seem","看似","meaning","verb 動詞","verb 動詞","verb 動詞","動作或狀態","","","","","","b2-u05-l02-pattern","","","","","","","","","","","web_speech_fallback","pending","","","","","TRUE","FALSE","FALSE","TRUE","pilot_review_required"
"B2","b2-u05","文化差異與跨文化交流","b2-u05-p01","1","b2-u05-l02-s01","2","b2-u05-l02-pattern","what clause with contrast","B2","TRUE","b2-u05-l02","比較文化感受","What seems polite in one culture may feel distant in another.","在一種文化中看似有禮貌的行為，在另一種文化中可能顯得疏遠。","what clause with contrast","b2-u05-l02-p01-s01-t03","3","polite-polite-adjective","polite","polite-adjective-01","word","polite","polite","有禮貌的","meaning","adjective 形容詞","adjective 形容詞","adjective 形容詞","特徵描述","","","","","","b2-u05-l02-pattern","","","","","","","","","","","web_speech_fallback","pending","","","","","TRUE","FALSE","FALSE","TRUE","pilot_review_required"
"B2","b2-u05","文化差異與跨文化交流","b2-u05-p01","1","b2-u05-l02-s01","2","b2-u05-l02-pattern","what clause with contrast","B2","TRUE","b2-u05-l02","比較文化感受","What seems polite in one culture may feel distant in another.","在一種文化中看似有禮貌的行為，在另一種文化中可能顯得疏遠。","what clause with contrast","b2-u05-l02-p01-s01-t04","4","in-in-preposition","in","in-preposition-01","word","in","in","在……裡／依照","grammar","preposition 介系詞","preposition 介系詞","preposition 介系詞","片語關係","in-one-culture","in one culture","在一種文化中","1","與 in another 形成跨文化對照。","b2-u05-l02-pattern","","","","","","","","","","","web_speech_fallback","pending","","","","","FALSE","FALSE","TRUE","FALSE","pilot_review_required"
"B2","b2-u05","文化差異與跨文化交流","b2-u05-p01","1","b2-u05-l02-s01","2","b2-u05-l02-pattern","what clause with contrast","B2","TRUE","b2-u05-l02","比較文化感受","What seems polite in one culture may feel distant in another.","在一種文化中看似有禮貌的行為，在另一種文化中可能顯得疏遠。","what clause with contrast","b2-u05-l02-p01-s01-t05","5","one-one-pronoun","one","one-pronoun-01","word","one","one","一個；代替前面提過的事物","meaning","pronoun 代名詞","pronoun 代名詞","pronoun 代名詞","指稱或限定","in-one-culture","in one culture","在一種文化中","1","與 in another 形成跨文化對照。","b2-u05-l02-pattern","","","","","","","","","","","web_speech_fallback","pending","","","","","FALSE","FALSE","TRUE","FALSE","pilot_review_required"
"B2","b2-u05","文化差異與跨文化交流","b2-u05-p01","1","b2-u05-l02-s01","2","b2-u05-l02-pattern","what clause with contrast","B2","TRUE","b2-u05-l02","比較文化感受","What seems polite in one culture may feel distant in another.","在一種文化中看似有禮貌的行為，在另一種文化中可能顯得疏遠。","what clause with contrast","b2-u05-l02-p01-s01-t06","6","culture-culture-noun","culture","culture-noun-01","word","culture","culture","文化","meaning","noun 名詞","noun 名詞","noun 名詞","核心內容","in-one-culture","in one culture","在一種文化中","1","與 in another 形成跨文化對照。","b2-u05-l02-pattern","","","","","","","","","","","web_speech_fallback","pending","","","","","TRUE","FALSE","TRUE","TRUE","pilot_review_required"
"B2","b2-u05","文化差異與跨文化交流","b2-u05-p01","1","b2-u05-l02-s01","2","b2-u05-l02-pattern","what clause with contrast","B2","TRUE","b2-u05-l02","比較文化感受","What seems polite in one culture may feel distant in another.","在一種文化中看似有禮貌的行為，在另一種文化中可能顯得疏遠。","what clause with contrast","b2-u05-l02-p01-s01-t07","7","may-may-auxiliary","may","may-auxiliary-01","word","may","may","可能","grammar","auxiliary verb 助動詞","auxiliary verb 助動詞","auxiliary verb 助動詞","動作或狀態","","","","","","b2-u05-l02-pattern","","","","","","","","","","","web_speech_fallback","pending","","","","","FALSE","FALSE","FALSE","FALSE","pilot_review_required"
"B2","b2-u05","文化差異與跨文化交流","b2-u05-p01","1","b2-u05-l02-s01","2","b2-u05-l02-pattern","what clause with contrast","B2","TRUE","b2-u05-l02","比較文化感受","What seems polite in one culture may feel distant in another.","在一種文化中看似有禮貌的行為，在另一種文化中可能顯得疏遠。","what clause with contrast","b2-u05-l02-p01-s01-t08","8","feel-feel-verb","feel","feel-verb-01","word","feel","feel","感到／感覺","meaning","verb 動詞","verb 動詞","verb 動詞","動作或狀態","","","","","","b2-u05-l02-pattern","","","","","","","","","","","web_speech_fallback","pending","","","","","FALSE","FALSE","FALSE","FALSE","pilot_review_required"
"B2","b2-u05","文化差異與跨文化交流","b2-u05-p01","1","b2-u05-l02-s01","2","b2-u05-l02-pattern","what clause with contrast","B2","TRUE","b2-u05-l02","比較文化感受","What seems polite in one culture may feel distant in another.","在一種文化中看似有禮貌的行為，在另一種文化中可能顯得疏遠。","what clause with contrast","b2-u05-l02-p01-s01-t09","9","distant-distant-adjective","distant","distant-adjective-01","word","distant","distant","疏遠的","meaning","adjective 形容詞","adjective 形容詞","adjective 形容詞","特徵描述","","","","","","b2-u05-l02-pattern","","","","","","","","","","","web_speech_fallback","pending","","","","","TRUE","FALSE","FALSE","TRUE","pilot_review_required"
"B2","b2-u05","文化差異與跨文化交流","b2-u05-p01","1","b2-u05-l02-s01","2","b2-u05-l02-pattern","what clause with contrast","B2","TRUE","b2-u05-l02","比較文化感受","What seems polite in one culture may feel distant in another.","在一種文化中看似有禮貌的行為，在另一種文化中可能顯得疏遠。","what clause with contrast","b2-u05-l02-p01-s01-t10","10","in-in-preposition","in","in-preposition-01","word","in","in","在……裡／依照","grammar","preposition 介系詞","preposition 介系詞","preposition 介系詞","片語關係","","","","","","b2-u05-l02-pattern","","","","","","","","","","","web_speech_fallback","pending","","","","","FALSE","FALSE","FALSE","FALSE","pilot_review_required"
"B2","b2-u05","文化差異與跨文化交流","b2-u05-p01","1","b2-u05-l02-s01","2","b2-u05-l02-pattern","what clause with contrast","B2","TRUE","b2-u05-l02","比較文化感受","What seems polite in one culture may feel distant in another.","在一種文化中看似有禮貌的行為，在另一種文化中可能顯得疏遠。","what clause with contrast","b2-u05-l02-p01-s01-t11","11","another-another-pronoun","another","another-pronoun-01","word","another","another","另一個","meaning","pronoun 代名詞","pronoun 代名詞","pronoun 代名詞","指稱或限定","","","","","","b2-u05-l02-pattern","","","","","","","","","","","web_speech_fallback","pending","","","","","TRUE","FALSE","FALSE","TRUE","pilot_review_required"
"B2","b2-u05","文化差異與跨文化交流","b2-u05-p01","1","b2-u05-l03-s01","3","b2-u05-l03-pattern","instead of plus gerund","B2","TRUE","b2-u05-l03","避免先入為主","I learned to ask questions instead of making assumptions.","我學會先提問，而不是自行假設。","instead of plus gerund","b2-u05-l03-p01-s01-t01","1","i-i-pronoun","i","i-pronoun-01","word","I","i","我","meaning","pronoun 代名詞","pronoun 代名詞","pronoun 代名詞","指稱或限定","","","","","","b2-u05-l03-pattern","","","","","","","","","","","web_speech_fallback","pending","","","","","FALSE","TRUE","FALSE","TRUE","pilot_review_required"
"B2","b2-u05","文化差異與跨文化交流","b2-u05-p01","1","b2-u05-l03-s01","3","b2-u05-l03-pattern","instead of plus gerund","B2","TRUE","b2-u05-l03","避免先入為主","I learned to ask questions instead of making assumptions.","我學會先提問，而不是自行假設。","instead of plus gerund","b2-u05-l03-p01-s01-t02","2","learn-learned-verb","learn","learn-verb-01","word","learned","learn","學會了","meaning","verb 動詞","verb 動詞","verb 動詞","動作或狀態","","","","","","b2-u05-l03-pattern","","","","","","","","","","","web_speech_fallback","pending","","","","","TRUE","FALSE","FALSE","TRUE","pilot_review_required"
"B2","b2-u05","文化差異與跨文化交流","b2-u05-p01","1","b2-u05-l03-s01","3","b2-u05-l03-pattern","instead of plus gerund","B2","TRUE","b2-u05-l03","避免先入為主","I learned to ask questions instead of making assumptions.","我學會先提問，而不是自行假設。","instead of plus gerund","b2-u05-l03-p01-s01-t03","3","to-to-preposition","to","to-preposition-01","word","to","to","不定詞標記／到","grammar","preposition 介系詞","preposition 介系詞","preposition 介系詞","片語關係","","","","","","b2-u05-l03-pattern","","","","","","","","","","","web_speech_fallback","pending","","","","","FALSE","FALSE","FALSE","FALSE","pilot_review_required"
"B2","b2-u05","文化差異與跨文化交流","b2-u05-p01","1","b2-u05-l03-s01","3","b2-u05-l03-pattern","instead of plus gerund","B2","TRUE","b2-u05-l03","避免先入為主","I learned to ask questions instead of making assumptions.","我學會先提問，而不是自行假設。","instead of plus gerund","b2-u05-l03-p01-s01-t04","4","ask-ask-verb","ask","ask-verb-01","word","ask","ask","詢問","meaning","verb 動詞","verb 動詞","verb 動詞","動作或狀態","","","","","","b2-u05-l03-pattern","","","","","","","","","","","web_speech_fallback","pending","","","","","TRUE","FALSE","FALSE","TRUE","pilot_review_required"
"B2","b2-u05","文化差異與跨文化交流","b2-u05-p01","1","b2-u05-l03-s01","3","b2-u05-l03-pattern","instead of plus gerund","B2","TRUE","b2-u05-l03","避免先入為主","I learned to ask questions instead of making assumptions.","我學會先提問，而不是自行假設。","instead of plus gerund","b2-u05-l03-p01-s01-t05","5","question-questions-noun","question","question-noun-01","word","questions","question","問題","meaning","noun 名詞","noun 名詞","noun 名詞","核心內容","","","","","","b2-u05-l03-pattern","","","","","","","","","","","web_speech_fallback","pending","","","","","TRUE","FALSE","FALSE","TRUE","pilot_review_required"
"B2","b2-u05","文化差異與跨文化交流","b2-u05-p01","1","b2-u05-l03-s01","3","b2-u05-l03-pattern","instead of plus gerund","B2","TRUE","b2-u05-l03","避免先入為主","I learned to ask questions instead of making assumptions.","我學會先提問，而不是自行假設。","instead of plus gerund","b2-u05-l03-p01-s01-t06","6","instead-instead-adverb","instead","instead-adverb-01","word","instead","instead","與 of 組成「而不是」","meaning","adverb 副詞","adverb 副詞","adverb 副詞","時間、方式或程度","instead-of","instead of","而不是","1","用來對比選擇的做法。","b2-u05-l03-pattern","","","","","","","","","","","web_speech_fallback","pending","","","","","TRUE","FALSE","TRUE","TRUE","pilot_review_required"
"B2","b2-u05","文化差異與跨文化交流","b2-u05-p01","1","b2-u05-l03-s01","3","b2-u05-l03-pattern","instead of plus gerund","B2","TRUE","b2-u05-l03","避免先入為主","I learned to ask questions instead of making assumptions.","我學會先提問，而不是自行假設。","instead of plus gerund","b2-u05-l03-p01-s01-t07","7","of-of-preposition","of","of-preposition-01","word","of","of","……的","grammar","preposition 介系詞","preposition 介系詞","preposition 介系詞","片語關係","instead-of","instead of","而不是","1","用來對比選擇的做法。","b2-u05-l03-pattern","","","","","","","","","","","web_speech_fallback","pending","","","","","TRUE","FALSE","TRUE","TRUE","pilot_review_required"
"B2","b2-u05","文化差異與跨文化交流","b2-u05-p01","1","b2-u05-l03-s01","3","b2-u05-l03-pattern","instead of plus gerund","B2","TRUE","b2-u05-l03","避免先入為主","I learned to ask questions instead of making assumptions.","我學會先提問，而不是自行假設。","instead of plus gerund","b2-u05-l03-p01-s01-t08","8","make-making-verb","make","make-verb-01","word","making","make","做出／形成","meaning","verb 動詞","verb 動詞","verb 動詞","動作或狀態","","","","","","b2-u05-l03-pattern","","","","","","","","","","","web_speech_fallback","pending","","","","","FALSE","FALSE","FALSE","FALSE","pilot_review_required"
"B2","b2-u05","文化差異與跨文化交流","b2-u05-p01","1","b2-u05-l03-s01","3","b2-u05-l03-pattern","instead of plus gerund","B2","TRUE","b2-u05-l03","避免先入為主","I learned to ask questions instead of making assumptions.","我學會先提問，而不是自行假設。","instead of plus gerund","b2-u05-l03-p01-s01-t09","9","assumption-assumptions-noun","assumption","assumption-noun-01","word","assumptions","assumption","假設","meaning","noun 名詞","noun 名詞","noun 名詞","核心內容","","","","","","b2-u05-l03-pattern","","","","","","","","","","","web_speech_fallback","pending","","","","","TRUE","FALSE","FALSE","TRUE","pilot_review_required"
"B2","b2-u05","文化差異與跨文化交流","b2-u05-p01","1","b2-u05-l04-s01","4","b2-u05-l04-pattern","help plus object plus verb","B2","TRUE","b2-u05-l04","建立文化敏感度","Cultural awareness helps teams avoid unnecessary misunderstandings.","文化意識能幫助團隊避免不必要的誤解。","help plus object plus verb","b2-u05-l04-p01-s01-t01","1","cultural-cultural-adjective","cultural","cultural-adjective-01","word","Cultural","cultural","文化的","meaning","adjective 形容詞","adjective 形容詞","adjective 形容詞","特徵描述","cultural-awareness","cultural awareness","文化意識","1","指理解並留意文化差異的能力。","b2-u05-l04-pattern","","","","","","","","","","","web_speech_fallback","pending","","","","","TRUE","TRUE","TRUE","TRUE","pilot_review_required"
"B2","b2-u05","文化差異與跨文化交流","b2-u05-p01","1","b2-u05-l04-s01","4","b2-u05-l04-pattern","help plus object plus verb","B2","TRUE","b2-u05-l04","建立文化敏感度","Cultural awareness helps teams avoid unnecessary misunderstandings.","文化意識能幫助團隊避免不必要的誤解。","help plus object plus verb","b2-u05-l04-p01-s01-t02","2","awareness-awareness-noun","awareness","awareness-noun-01","word","awareness","awareness","意識／覺察","meaning","noun 名詞","noun 名詞","noun 名詞","核心內容","cultural-awareness","cultural awareness","文化意識","1","指理解並留意文化差異的能力。","b2-u05-l04-pattern","","","","","","","","","","","web_speech_fallback","pending","","","","","TRUE","FALSE","TRUE","TRUE","pilot_review_required"
"B2","b2-u05","文化差異與跨文化交流","b2-u05-p01","1","b2-u05-l04-s01","4","b2-u05-l04-pattern","help plus object plus verb","B2","TRUE","b2-u05-l04","建立文化敏感度","Cultural awareness helps teams avoid unnecessary misunderstandings.","文化意識能幫助團隊避免不必要的誤解。","help plus object plus verb","b2-u05-l04-p01-s01-t03","3","help-helps-verb","help","help-verb-01","word","helps","help","幫助","meaning","verb 動詞","verb 動詞","verb 動詞","動作或狀態","","","","","","b2-u05-l04-pattern","","","","","","","","","","","web_speech_fallback","pending","","","","","FALSE","FALSE","FALSE","FALSE","pilot_review_required"
"B2","b2-u05","文化差異與跨文化交流","b2-u05-p01","1","b2-u05-l04-s01","4","b2-u05-l04-pattern","help plus object plus verb","B2","TRUE","b2-u05-l04","建立文化敏感度","Cultural awareness helps teams avoid unnecessary misunderstandings.","文化意識能幫助團隊避免不必要的誤解。","help plus object plus verb","b2-u05-l04-p01-s01-t04","4","team-teams-noun","team","team-noun-01","word","teams","team","團隊","meaning","noun 名詞","noun 名詞","noun 名詞","核心內容","","","","","","b2-u05-l04-pattern","","","","","","","","","","","web_speech_fallback","pending","","","","","FALSE","FALSE","FALSE","FALSE","pilot_review_required"
"B2","b2-u05","文化差異與跨文化交流","b2-u05-p01","1","b2-u05-l04-s01","4","b2-u05-l04-pattern","help plus object plus verb","B2","TRUE","b2-u05-l04","建立文化敏感度","Cultural awareness helps teams avoid unnecessary misunderstandings.","文化意識能幫助團隊避免不必要的誤解。","help plus object plus verb","b2-u05-l04-p01-s01-t05","5","avoid-avoid-verb","avoid","avoid-verb-01","word","avoid","avoid","避免","meaning","verb 動詞","verb 動詞","verb 動詞","動作或狀態","","","","","","b2-u05-l04-pattern","","","","","","","","","","","web_speech_fallback","pending","","","","","TRUE","FALSE","FALSE","TRUE","pilot_review_required"
"B2","b2-u05","文化差異與跨文化交流","b2-u05-p01","1","b2-u05-l04-s01","4","b2-u05-l04-pattern","help plus object plus verb","B2","TRUE","b2-u05-l04","建立文化敏感度","Cultural awareness helps teams avoid unnecessary misunderstandings.","文化意識能幫助團隊避免不必要的誤解。","help plus object plus verb","b2-u05-l04-p01-s01-t06","6","unnecessary-unnecessary-adjective","unnecessary","unnecessary-adjective-01","word","unnecessary","unnecessary","不必要的","meaning","adjective 形容詞","adjective 形容詞","adjective 形容詞","特徵描述","","","","","","b2-u05-l04-pattern","","","","","","","","","","","web_speech_fallback","pending","","","","","TRUE","FALSE","FALSE","TRUE","pilot_review_required"
"B2","b2-u05","文化差異與跨文化交流","b2-u05-p01","1","b2-u05-l04-s01","4","b2-u05-l04-pattern","help plus object plus verb","B2","TRUE","b2-u05-l04","建立文化敏感度","Cultural awareness helps teams avoid unnecessary misunderstandings.","文化意識能幫助團隊避免不必要的誤解。","help plus object plus verb","b2-u05-l04-p01-s01-t07","7","misunderstanding-misunderstandings-noun","misunderstanding","misunderstanding-noun-01","word","misunderstandings","misunderstanding","誤解","meaning","noun 名詞","noun 名詞","noun 名詞","核心內容","","","","","","b2-u05-l04-pattern","","","","","","","","","","","web_speech_fallback","pending","","","","","TRUE","FALSE","FALSE","TRUE","pilot_review_required"
"B2","b2-u06","科技、環境與社會影響","b2-u06-p01","1","b2-u06-l01-s01","1","b2-u06-l01-pattern","while for simultaneous contrast","B2","TRUE","b2-u06-l01","權衡科技效益與風險","New technology can improve access while creating privacy risks.","新科技能改善使用機會，同時也會帶來隱私風險。","while for simultaneous contrast","b2-u06-l01-p01-s01-t01","1","new-new-adjective","new","new-adjective-01","word","New","new","新的","meaning","adjective 形容詞","adjective 形容詞","adjective 形容詞","特徵描述","","","","","","b2-u06-l01-pattern","","","","","","","","","","","web_speech_fallback","pending","","","","","FALSE","TRUE","FALSE","TRUE","pilot_review_required"
"B2","b2-u06","科技、環境與社會影響","b2-u06-p01","1","b2-u06-l01-s01","1","b2-u06-l01-pattern","while for simultaneous contrast","B2","TRUE","b2-u06-l01","權衡科技效益與風險","New technology can improve access while creating privacy risks.","新科技能改善使用機會，同時也會帶來隱私風險。","while for simultaneous contrast","b2-u06-l01-p01-s01-t02","2","technology-technology-noun","technology","technology-noun-01","word","technology","technology","科技","meaning","noun 名詞","noun 名詞","noun 名詞","核心內容","","","","","","b2-u06-l01-pattern","","","","","","","","","","","web_speech_fallback","pending","","","","","FALSE","FALSE","FALSE","FALSE","pilot_review_required"
"B2","b2-u06","科技、環境與社會影響","b2-u06-p01","1","b2-u06-l01-s01","1","b2-u06-l01-pattern","while for simultaneous contrast","B2","TRUE","b2-u06-l01","權衡科技效益與風險","New technology can improve access while creating privacy risks.","新科技能改善使用機會，同時也會帶來隱私風險。","while for simultaneous contrast","b2-u06-l01-p01-s01-t03","3","can-can-auxiliary","can","can-auxiliary-01","word","can","can","可以／能夠","grammar","auxiliary verb 助動詞","auxiliary verb 助動詞","auxiliary verb 助動詞","動作或狀態","","","","","","b2-u06-l01-pattern","","","","","","","","","","","web_speech_fallback","pending","","","","","FALSE","FALSE","FALSE","FALSE","pilot_review_required"
"B2","b2-u06","科技、環境與社會影響","b2-u06-p01","1","b2-u06-l01-s01","1","b2-u06-l01-pattern","while for simultaneous contrast","B2","TRUE","b2-u06-l01","權衡科技效益與風險","New technology can improve access while creating privacy risks.","新科技能改善使用機會，同時也會帶來隱私風險。","while for simultaneous contrast","b2-u06-l01-p01-s01-t04","4","improve-improve-verb","improve","improve-verb-01","word","improve","improve","改善","meaning","verb 動詞","verb 動詞","verb 動詞","動作或狀態","","","","","","b2-u06-l01-pattern","","","","","","","","","","","web_speech_fallback","pending","","","","","FALSE","FALSE","FALSE","FALSE","pilot_review_required"
"B2","b2-u06","科技、環境與社會影響","b2-u06-p01","1","b2-u06-l01-s01","1","b2-u06-l01-pattern","while for simultaneous contrast","B2","TRUE","b2-u06-l01","權衡科技效益與風險","New technology can improve access while creating privacy risks.","新科技能改善使用機會，同時也會帶來隱私風險。","while for simultaneous contrast","b2-u06-l01-p01-s01-t05","5","access-access-noun","access","access-noun-01","word","access","access","使用機會","meaning","noun 名詞","noun 名詞","noun 名詞","核心內容","","","","","","b2-u06-l01-pattern","","","","","","","","","","","web_speech_fallback","pending","","","","","TRUE","FALSE","FALSE","TRUE","pilot_review_required"
"B2","b2-u06","科技、環境與社會影響","b2-u06-p01","1","b2-u06-l01-s01","1","b2-u06-l01-pattern","while for simultaneous contrast","B2","TRUE","b2-u06-l01","權衡科技效益與風險","New technology can improve access while creating privacy risks.","新科技能改善使用機會，同時也會帶來隱私風險。","while for simultaneous contrast","b2-u06-l01-p01-s01-t06","6","while-while-conjunction","while","while-conjunction-01","word","while","while","同時／雖然","grammar","conjunction 連接詞","conjunction 連接詞","conjunction 連接詞","子句連接","while-creating-privacy-risks","while creating privacy risks","同時帶來隱私風險","1","while 連接同時存在但需權衡的影響。","b2-u06-l01-pattern","","","","","","","","","","","web_speech_fallback","pending","","","","","TRUE","FALSE","TRUE","TRUE","pilot_review_required"
"B2","b2-u06","科技、環境與社會影響","b2-u06-p01","1","b2-u06-l01-s01","1","b2-u06-l01-pattern","while for simultaneous contrast","B2","TRUE","b2-u06-l01","權衡科技效益與風險","New technology can improve access while creating privacy risks.","新科技能改善使用機會，同時也會帶來隱私風險。","while for simultaneous contrast","b2-u06-l01-p01-s01-t07","7","create-creating-verb","create","create-verb-01","word","creating","create","帶來／造成","meaning","verb 動詞","verb 動詞","verb 動詞","動作或狀態","while-creating-privacy-risks","while creating privacy risks","同時帶來隱私風險","1","while 連接同時存在但需權衡的影響。","b2-u06-l01-pattern","","","","","","","","","","","web_speech_fallback","pending","","","","","FALSE","FALSE","TRUE","FALSE","pilot_review_required"
"B2","b2-u06","科技、環境與社會影響","b2-u06-p01","1","b2-u06-l01-s01","1","b2-u06-l01-pattern","while for simultaneous contrast","B2","TRUE","b2-u06-l01","權衡科技效益與風險","New technology can improve access while creating privacy risks.","新科技能改善使用機會，同時也會帶來隱私風險。","while for simultaneous contrast","b2-u06-l01-p01-s01-t08","8","privacy-privacy-noun","privacy","privacy-noun-01","word","privacy","privacy","隱私","meaning","noun 名詞","noun 名詞","noun 名詞","核心內容","while-creating-privacy-risks","while creating privacy risks","同時帶來隱私風險","1","while 連接同時存在但需權衡的影響。","b2-u06-l01-pattern","","","","","","","","","","","web_speech_fallback","pending","","","","","TRUE","FALSE","TRUE","TRUE","pilot_review_required"
"B2","b2-u06","科技、環境與社會影響","b2-u06-p01","1","b2-u06-l01-s01","1","b2-u06-l01-pattern","while for simultaneous contrast","B2","TRUE","b2-u06-l01","權衡科技效益與風險","New technology can improve access while creating privacy risks.","新科技能改善使用機會，同時也會帶來隱私風險。","while for simultaneous contrast","b2-u06-l01-p01-s01-t09","9","risk-risks-noun","risk","risk-noun-01","word","risks","risk","風險","meaning","noun 名詞","noun 名詞","noun 名詞","核心內容","while-creating-privacy-risks","while creating privacy risks","同時帶來隱私風險","1","while 連接同時存在但需權衡的影響。","b2-u06-l01-pattern","","","","","","","","","","","web_speech_fallback","pending","","","","","TRUE","FALSE","TRUE","TRUE","pilot_review_required"
"B2","b2-u06","科技、環境與社會影響","b2-u06-p01","1","b2-u06-l02-s01","2","b2-u06-l02-pattern","second conditional with were","B2","TRUE","b2-u06-l02","討論假設性的能源選擇","If energy were cheaper more companies would use clean power.","如果能源更便宜，會有更多公司使用潔淨能源。","second conditional with were","b2-u06-l02-p01-s01-t01","1","if-if-conjunction","if","if-conjunction-01","word","If","if","如果","grammar","conjunction 連接詞","conjunction 連接詞","conjunction 連接詞","子句連接","if-energy-were-cheaper","if energy were cheaper","如果能源更便宜","1","第二條件句討論與現況不同的假設。","b2-u06-l02-pattern","","","","","","","","","","","web_speech_fallback","pending","","","","","FALSE","TRUE","TRUE","TRUE","pilot_review_required"
"B2","b2-u06","科技、環境與社會影響","b2-u06-p01","1","b2-u06-l02-s01","2","b2-u06-l02-pattern","second conditional with were","B2","TRUE","b2-u06-l02","討論假設性的能源選擇","If energy were cheaper more companies would use clean power.","如果能源更便宜，會有更多公司使用潔淨能源。","second conditional with were","b2-u06-l02-p01-s01-t02","2","energy-energy-noun","energy","energy-noun-01","word","energy","energy","能源","meaning","noun 名詞","noun 名詞","noun 名詞","核心內容","if-energy-were-cheaper","if energy were cheaper","如果能源更便宜","1","第二條件句討論與現況不同的假設。","b2-u06-l02-pattern","","","","","","","","","","","web_speech_fallback","pending","","","","","TRUE","FALSE","TRUE","TRUE","pilot_review_required"
"B2","b2-u06","科技、環境與社會影響","b2-u06-p01","1","b2-u06-l02-s01","2","b2-u06-l02-pattern","second conditional with were","B2","TRUE","b2-u06-l02","討論假設性的能源選擇","If energy were cheaper more companies would use clean power.","如果能源更便宜，會有更多公司使用潔淨能源。","second conditional with were","b2-u06-l02-p01-s01-t03","3","were-were-auxiliary","were","were-auxiliary-01","word","were","were","是（過去）","grammar","auxiliary verb 助動詞","auxiliary verb 助動詞","auxiliary verb 助動詞","動作或狀態","if-energy-were-cheaper","if energy were cheaper","如果能源更便宜","1","第二條件句討論與現況不同的假設。","b2-u06-l02-pattern","","","","","","","","","","","web_speech_fallback","pending","","","","","TRUE","FALSE","TRUE","TRUE","pilot_review_required"
"B2","b2-u06","科技、環境與社會影響","b2-u06-p01","1","b2-u06-l02-s01","2","b2-u06-l02-pattern","second conditional with were","B2","TRUE","b2-u06-l02","討論假設性的能源選擇","If energy were cheaper more companies would use clean power.","如果能源更便宜，會有更多公司使用潔淨能源。","second conditional with were","b2-u06-l02-p01-s01-t04","4","cheaper-cheaper-adjective","cheaper","cheaper-adjective-01","word","cheaper","cheaper","較便宜的","meaning","adjective 形容詞","adjective 形容詞","adjective 形容詞","特徵描述","if-energy-were-cheaper","if energy were cheaper","如果能源更便宜","1","第二條件句討論與現況不同的假設。","b2-u06-l02-pattern","","","","","","","","","","","web_speech_fallback","pending","","","","","FALSE","FALSE","TRUE","FALSE","pilot_review_required"
"B2","b2-u06","科技、環境與社會影響","b2-u06-p01","1","b2-u06-l02-s01","2","b2-u06-l02-pattern","second conditional with were","B2","TRUE","b2-u06-l02","討論假設性的能源選擇","If energy were cheaper more companies would use clean power.","如果能源更便宜，會有更多公司使用潔淨能源。","second conditional with were","b2-u06-l02-p01-s01-t05","5","more-more-determiner","more","more-determiner-01","word","more","more","更多／更","meaning","determiner 限定詞","determiner 限定詞","determiner 限定詞","指稱或限定","","","","","","b2-u06-l02-pattern","","","","","","","","","","","web_speech_fallback","pending","","","","","FALSE","FALSE","FALSE","FALSE","pilot_review_required"
"B2","b2-u06","科技、環境與社會影響","b2-u06-p01","1","b2-u06-l02-s01","2","b2-u06-l02-pattern","second conditional with were","B2","TRUE","b2-u06-l02","討論假設性的能源選擇","If energy were cheaper more companies would use clean power.","如果能源更便宜，會有更多公司使用潔淨能源。","second conditional with were","b2-u06-l02-p01-s01-t06","6","company-companies-noun","company","company-noun-01","word","companies","company","公司","meaning","noun 名詞","noun 名詞","noun 名詞","核心內容","","","","","","b2-u06-l02-pattern","","","","","","","","","","","web_speech_fallback","pending","","","","","TRUE","FALSE","FALSE","TRUE","pilot_review_required"
"B2","b2-u06","科技、環境與社會影響","b2-u06-p01","1","b2-u06-l02-s01","2","b2-u06-l02-pattern","second conditional with were","B2","TRUE","b2-u06-l02","討論假設性的能源選擇","If energy were cheaper more companies would use clean power.","如果能源更便宜，會有更多公司使用潔淨能源。","second conditional with were","b2-u06-l02-p01-s01-t07","7","would-would-auxiliary","would","would-auxiliary-01","word","would","would","會；用於假設或委婉表達","grammar","auxiliary verb 助動詞","auxiliary verb 助動詞","auxiliary verb 助動詞","動作或狀態","","","","","","b2-u06-l02-pattern","","","","","","","","","","","web_speech_fallback","pending","","","","","FALSE","FALSE","FALSE","FALSE","pilot_review_required"
"B2","b2-u06","科技、環境與社會影響","b2-u06-p01","1","b2-u06-l02-s01","2","b2-u06-l02-pattern","second conditional with were","B2","TRUE","b2-u06-l02","討論假設性的能源選擇","If energy were cheaper more companies would use clean power.","如果能源更便宜，會有更多公司使用潔淨能源。","second conditional with were","b2-u06-l02-p01-s01-t08","8","use-use-verb","use","use-verb-01","word","use","use","使用","meaning","verb 動詞","verb 動詞","verb 動詞","動作或狀態","","","","","","b2-u06-l02-pattern","","","","","","","","","","","web_speech_fallback","pending","","","","","FALSE","FALSE","FALSE","FALSE","pilot_review_required"
"B2","b2-u06","科技、環境與社會影響","b2-u06-p01","1","b2-u06-l02-s01","2","b2-u06-l02-pattern","second conditional with were","B2","TRUE","b2-u06-l02","討論假設性的能源選擇","If energy were cheaper more companies would use clean power.","如果能源更便宜，會有更多公司使用潔淨能源。","second conditional with were","b2-u06-l02-p01-s01-t09","9","clean-clean-adjective","clean","clean-adjective-01","word","clean","clean","潔淨的","meaning","adjective 形容詞","adjective 形容詞","adjective 形容詞","特徵描述","","","","","","b2-u06-l02-pattern","","","","","","","","","","","web_speech_fallback","pending","","","","","TRUE","FALSE","FALSE","TRUE","pilot_review_required"
"B2","b2-u06","科技、環境與社會影響","b2-u06-p01","1","b2-u06-l02-s01","2","b2-u06-l02-pattern","second conditional with were","B2","TRUE","b2-u06-l02","討論假設性的能源選擇","If energy were cheaper more companies would use clean power.","如果能源更便宜，會有更多公司使用潔淨能源。","second conditional with were","b2-u06-l02-p01-s01-t10","10","power-power-noun","power","power-noun-01","word","power","power","電力／能源","meaning","noun 名詞","noun 名詞","noun 名詞","核心內容","","","","","","b2-u06-l02-pattern","","","","","","","","","","","web_speech_fallback","pending","","","","","TRUE","FALSE","FALSE","TRUE","pilot_review_required"
"B2","b2-u06","科技、環境與社會影響","b2-u06-p01","1","b2-u06-l03-s01","3","b2-u06-l03-pattern","passive purpose with be designed to","B2","TRUE","b2-u06-l03","說明系統設計目的","The system is designed to reduce unnecessary waste.","這個系統的設計目的是減少不必要的浪費。","passive purpose with be designed to","b2-u06-l03-p01-s01-t01","1","the-the-determiner","the","the-determiner-01","word","The","the","定冠詞（中文通常不翻譯）","grammar","determiner 限定詞","determiner 限定詞","determiner 限定詞","指稱或限定","","","","","","b2-u06-l03-pattern","","","","","","","","","","","web_speech_fallback","pending","","","","","FALSE","TRUE","FALSE","TRUE","pilot_review_required"
"B2","b2-u06","科技、環境與社會影響","b2-u06-p01","1","b2-u06-l03-s01","3","b2-u06-l03-pattern","passive purpose with be designed to","B2","TRUE","b2-u06-l03","說明系統設計目的","The system is designed to reduce unnecessary waste.","這個系統的設計目的是減少不必要的浪費。","passive purpose with be designed to","b2-u06-l03-p01-s01-t02","2","system-system-noun","system","system-noun-01","word","system","system","系統","meaning","noun 名詞","noun 名詞","noun 名詞","核心內容","","","","","","b2-u06-l03-pattern","","","","","","","","","","","web_speech_fallback","pending","","","","","TRUE","FALSE","FALSE","TRUE","pilot_review_required"
"B2","b2-u06","科技、環境與社會影響","b2-u06-p01","1","b2-u06-l03-s01","3","b2-u06-l03-pattern","passive purpose with be designed to","B2","TRUE","b2-u06-l03","說明系統設計目的","The system is designed to reduce unnecessary waste.","這個系統的設計目的是減少不必要的浪費。","passive purpose with be designed to","b2-u06-l03-p01-s01-t03","3","is-is-auxiliary","is","is-auxiliary-01","word","is","is","是","grammar","auxiliary verb 助動詞","auxiliary verb 助動詞","auxiliary verb 助動詞","動作或狀態","is-designed-to","is designed to","設計用來","1","被動結構說明系統的設計目的。","b2-u06-l03-pattern","","","","","","","","","","","web_speech_fallback","pending","","","","","FALSE","FALSE","TRUE","FALSE","pilot_review_required"
"B2","b2-u06","科技、環境與社會影響","b2-u06-p01","1","b2-u06-l03-s01","3","b2-u06-l03-pattern","passive purpose with be designed to","B2","TRUE","b2-u06-l03","說明系統設計目的","The system is designed to reduce unnecessary waste.","這個系統的設計目的是減少不必要的浪費。","passive purpose with be designed to","b2-u06-l03-p01-s01-t04","4","design-designed-verb","design","design-verb-01","word","designed","design","設計","meaning","verb 動詞","verb 動詞","verb 動詞","動作或狀態","is-designed-to","is designed to","設計用來","1","被動結構說明系統的設計目的。","b2-u06-l03-pattern","","","","","","","","","","","web_speech_fallback","pending","","","","","TRUE","FALSE","TRUE","TRUE","pilot_review_required"
"B2","b2-u06","科技、環境與社會影響","b2-u06-p01","1","b2-u06-l03-s01","3","b2-u06-l03-pattern","passive purpose with be designed to","B2","TRUE","b2-u06-l03","說明系統設計目的","The system is designed to reduce unnecessary waste.","這個系統的設計目的是減少不必要的浪費。","passive purpose with be designed to","b2-u06-l03-p01-s01-t05","5","to-to-preposition","to","to-preposition-01","word","to","to","不定詞標記／到","grammar","preposition 介系詞","preposition 介系詞","preposition 介系詞","片語關係","is-designed-to","is designed to","設計用來","1","被動結構說明系統的設計目的。","b2-u06-l03-pattern","","","","","","","","","","","web_speech_fallback","pending","","","","","FALSE","FALSE","TRUE","FALSE","pilot_review_required"
"B2","b2-u06","科技、環境與社會影響","b2-u06-p01","1","b2-u06-l03-s01","3","b2-u06-l03-pattern","passive purpose with be designed to","B2","TRUE","b2-u06-l03","說明系統設計目的","The system is designed to reduce unnecessary waste.","這個系統的設計目的是減少不必要的浪費。","passive purpose with be designed to","b2-u06-l03-p01-s01-t06","6","reduce-reduce-verb","reduce","reduce-verb-01","word","reduce","reduce","減少","meaning","verb 動詞","verb 動詞","verb 動詞","動作或狀態","","","","","","b2-u06-l03-pattern","","","","","","","","","","","web_speech_fallback","pending","","","","","TRUE","FALSE","FALSE","TRUE","pilot_review_required"
"B2","b2-u06","科技、環境與社會影響","b2-u06-p01","1","b2-u06-l03-s01","3","b2-u06-l03-pattern","passive purpose with be designed to","B2","TRUE","b2-u06-l03","說明系統設計目的","The system is designed to reduce unnecessary waste.","這個系統的設計目的是減少不必要的浪費。","passive purpose with be designed to","b2-u06-l03-p01-s01-t07","7","unnecessary-unnecessary-adjective","unnecessary","unnecessary-adjective-01","word","unnecessary","unnecessary","不必要的","meaning","adjective 形容詞","adjective 形容詞","adjective 形容詞","特徵描述","","","","","","b2-u06-l03-pattern","","","","","","","","","","","web_speech_fallback","pending","","","","","FALSE","FALSE","FALSE","FALSE","pilot_review_required"
"B2","b2-u06","科技、環境與社會影響","b2-u06-p01","1","b2-u06-l03-s01","3","b2-u06-l03-pattern","passive purpose with be designed to","B2","TRUE","b2-u06-l03","說明系統設計目的","The system is designed to reduce unnecessary waste.","這個系統的設計目的是減少不必要的浪費。","passive purpose with be designed to","b2-u06-l03-p01-s01-t08","8","waste-waste-noun","waste","waste-noun-01","word","waste","waste","浪費","meaning","noun 名詞","noun 名詞","noun 名詞","核心內容","","","","","","b2-u06-l03-pattern","","","","","","","","","","","web_speech_fallback","pending","","","","","TRUE","FALSE","FALSE","TRUE","pilot_review_required"
"B2","b2-u06","科技、環境與社會影響","b2-u06-p01","1","b2-u06-l04-s01","4","b2-u06-l04-pattern","ensure that clause","B2","TRUE","b2-u06-l04","要求進步惠及社群","Governments should ensure that progress benefits the whole community.","政府應確保進步能讓整個社群受益。","ensure that clause","b2-u06-l04-p01-s01-t01","1","government-governments-noun","government","government-noun-01","word","Governments","government","政府","meaning","noun 名詞","noun 名詞","noun 名詞","核心內容","","","","","","b2-u06-l04-pattern","","","","","","","","","","","web_speech_fallback","pending","","","","","TRUE","TRUE","FALSE","TRUE","pilot_review_required"
"B2","b2-u06","科技、環境與社會影響","b2-u06-p01","1","b2-u06-l04-s01","4","b2-u06-l04-pattern","ensure that clause","B2","TRUE","b2-u06-l04","要求進步惠及社群","Governments should ensure that progress benefits the whole community.","政府應確保進步能讓整個社群受益。","ensure that clause","b2-u06-l04-p01-s01-t02","2","should-should-auxiliary","should","should-auxiliary-01","word","should","should","應該","grammar","auxiliary verb 助動詞","auxiliary verb 助動詞","auxiliary verb 助動詞","動作或狀態","","","","","","b2-u06-l04-pattern","","","","","","","","","","","web_speech_fallback","pending","","","","","FALSE","FALSE","FALSE","FALSE","pilot_review_required"
"B2","b2-u06","科技、環境與社會影響","b2-u06-p01","1","b2-u06-l04-s01","4","b2-u06-l04-pattern","ensure that clause","B2","TRUE","b2-u06-l04","要求進步惠及社群","Governments should ensure that progress benefits the whole community.","政府應確保進步能讓整個社群受益。","ensure that clause","b2-u06-l04-p01-s01-t03","3","ensure-ensure-verb","ensure","ensure-verb-01","word","ensure","ensure","確保","meaning","verb 動詞","verb 動詞","verb 動詞","動作或狀態","ensure-that","ensure that","確保","1","用來表達必須達成的結果。","b2-u06-l04-pattern","","","","","","","","","","","web_speech_fallback","pending","","","","","TRUE","FALSE","TRUE","TRUE","pilot_review_required"
"B2","b2-u06","科技、環境與社會影響","b2-u06-p01","1","b2-u06-l04-s01","4","b2-u06-l04-pattern","ensure that clause","B2","TRUE","b2-u06-l04","要求進步惠及社群","Governments should ensure that progress benefits the whole community.","政府應確保進步能讓整個社群受益。","ensure that clause","b2-u06-l04-p01-s01-t04","4","that-that-determiner","that","that-determiner-01","word","that","that","那個／用來連接子句","grammar","determiner 限定詞","determiner 限定詞","determiner 限定詞","指稱或限定","ensure-that","ensure that","確保","1","用來表達必須達成的結果。","b2-u06-l04-pattern","","","","","","","","","","","web_speech_fallback","pending","","","","","FALSE","FALSE","TRUE","FALSE","pilot_review_required"
"B2","b2-u06","科技、環境與社會影響","b2-u06-p01","1","b2-u06-l04-s01","4","b2-u06-l04-pattern","ensure that clause","B2","TRUE","b2-u06-l04","要求進步惠及社群","Governments should ensure that progress benefits the whole community.","政府應確保進步能讓整個社群受益。","ensure that clause","b2-u06-l04-p01-s01-t05","5","progress-progress-noun","progress","progress-noun-01","word","progress","progress","進步","meaning","noun 名詞","noun 名詞","noun 名詞","核心內容","","","","","","b2-u06-l04-pattern","","","","","","","","","","","web_speech_fallback","pending","","","","","TRUE","FALSE","FALSE","TRUE","pilot_review_required"
"B2","b2-u06","科技、環境與社會影響","b2-u06-p01","1","b2-u06-l04-s01","4","b2-u06-l04-pattern","ensure that clause","B2","TRUE","b2-u06-l04","要求進步惠及社群","Governments should ensure that progress benefits the whole community.","政府應確保進步能讓整個社群受益。","ensure that clause","b2-u06-l04-p01-s01-t06","6","benefit-benefits-verb","benefit","benefit-verb-01","word","benefits","benefit","使……受益／好處（依句中用法）","meaning","verb 動詞","verb 動詞","verb 動詞","動作或狀態","","","","","","b2-u06-l04-pattern","","","","","","","","","","","web_speech_fallback","pending","","","","","FALSE","FALSE","FALSE","FALSE","pilot_review_required"
"B2","b2-u06","科技、環境與社會影響","b2-u06-p01","1","b2-u06-l04-s01","4","b2-u06-l04-pattern","ensure that clause","B2","TRUE","b2-u06-l04","要求進步惠及社群","Governments should ensure that progress benefits the whole community.","政府應確保進步能讓整個社群受益。","ensure that clause","b2-u06-l04-p01-s01-t07","7","the-the-determiner","the","the-determiner-01","word","the","the","定冠詞（中文通常不翻譯）","grammar","determiner 限定詞","determiner 限定詞","determiner 限定詞","指稱或限定","","","","","","b2-u06-l04-pattern","","","","","","","","","","","web_speech_fallback","pending","","","","","FALSE","FALSE","FALSE","FALSE","pilot_review_required"
"B2","b2-u06","科技、環境與社會影響","b2-u06-p01","1","b2-u06-l04-s01","4","b2-u06-l04-pattern","ensure that clause","B2","TRUE","b2-u06-l04","要求進步惠及社群","Governments should ensure that progress benefits the whole community.","政府應確保進步能讓整個社群受益。","ensure that clause","b2-u06-l04-p01-s01-t08","8","whole-whole-adjective","whole","whole-adjective-01","word","whole","whole","整個的","meaning","adjective 形容詞","adjective 形容詞","adjective 形容詞","特徵描述","","","","","","b2-u06-l04-pattern","","","","","","","","","","","web_speech_fallback","pending","","","","","TRUE","FALSE","FALSE","TRUE","pilot_review_required"
"B2","b2-u06","科技、環境與社會影響","b2-u06-p01","1","b2-u06-l04-s01","4","b2-u06-l04-pattern","ensure that clause","B2","TRUE","b2-u06-l04","要求進步惠及社群","Governments should ensure that progress benefits the whole community.","政府應確保進步能讓整個社群受益。","ensure that clause","b2-u06-l04-p01-s01-t09","9","community-community-noun","community","community-noun-01","word","community","community","社群","meaning","noun 名詞","noun 名詞","noun 名詞","核心內容","","","","","","b2-u06-l04-pattern","","","","","","","","","","","web_speech_fallback","pending","","","","","TRUE","FALSE","FALSE","TRUE","pilot_review_required"
"B2","b2-u07","提案、簡報與協商","b2-u07-p01","1","b2-u07-l01-s01","1","b2-u07-l01-pattern","rather than for priority","B2","TRUE","b2-u07-l01","說明提案優先順序","Our proposal focuses on quality rather than short term savings.","我們的提案著重品質，而不是短期節省。","rather than for priority","b2-u07-l01-p01-s01-t01","1","our-our-determiner","our","our-determiner-01","word","Our","our","我們的","grammar","determiner 限定詞","determiner 限定詞","determiner 限定詞","指稱或限定","","","","","","b2-u07-l01-pattern","","","","","","","","","","","web_speech_fallback","pending","","","","","TRUE","TRUE","FALSE","TRUE","pilot_review_required"
"B2","b2-u07","提案、簡報與協商","b2-u07-p01","1","b2-u07-l01-s01","1","b2-u07-l01-pattern","rather than for priority","B2","TRUE","b2-u07-l01","說明提案優先順序","Our proposal focuses on quality rather than short term savings.","我們的提案著重品質，而不是短期節省。","rather than for priority","b2-u07-l01-p01-s01-t02","2","proposal-proposal-noun","proposal","proposal-noun-01","word","proposal","proposal","提案","meaning","noun 名詞","noun 名詞","noun 名詞","核心內容","","","","","","b2-u07-l01-pattern","","","","","","","","","","","web_speech_fallback","pending","","","","","FALSE","FALSE","FALSE","FALSE","pilot_review_required"
"B2","b2-u07","提案、簡報與協商","b2-u07-p01","1","b2-u07-l01-s01","1","b2-u07-l01-pattern","rather than for priority","B2","TRUE","b2-u07-l01","說明提案優先順序","Our proposal focuses on quality rather than short term savings.","我們的提案著重品質，而不是短期節省。","rather than for priority","b2-u07-l01-p01-s01-t03","3","focus-focuses-verb","focus","focus-verb-01","word","focuses","focus","著重","meaning","verb 動詞","verb 動詞","verb 動詞","動作或狀態","","","","","","b2-u07-l01-pattern","","","","","","","","","","","web_speech_fallback","pending","","","","","TRUE","FALSE","FALSE","TRUE","pilot_review_required"
"B2","b2-u07","提案、簡報與協商","b2-u07-p01","1","b2-u07-l01-s01","1","b2-u07-l01-pattern","rather than for priority","B2","TRUE","b2-u07-l01","說明提案優先順序","Our proposal focuses on quality rather than short term savings.","我們的提案著重品質，而不是短期節省。","rather than for priority","b2-u07-l01-p01-s01-t04","4","on-on-preposition","on","on-preposition-01","word","on","on","在……上／進行","grammar","preposition 介系詞","preposition 介系詞","preposition 介系詞","片語關係","","","","","","b2-u07-l01-pattern","","","","","","","","","","","web_speech_fallback","pending","","","","","FALSE","FALSE","FALSE","FALSE","pilot_review_required"
"B2","b2-u07","提案、簡報與協商","b2-u07-p01","1","b2-u07-l01-s01","1","b2-u07-l01-pattern","rather than for priority","B2","TRUE","b2-u07-l01","說明提案優先順序","Our proposal focuses on quality rather than short term savings.","我們的提案著重品質，而不是短期節省。","rather than for priority","b2-u07-l01-p01-s01-t05","5","quality-quality-noun","quality","quality-noun-01","word","quality","quality","品質","meaning","noun 名詞","noun 名詞","noun 名詞","核心內容","","","","","","b2-u07-l01-pattern","","","","","","","","","","","web_speech_fallback","pending","","","","","TRUE","FALSE","FALSE","TRUE","pilot_review_required"
"B2","b2-u07","提案、簡報與協商","b2-u07-p01","1","b2-u07-l01-s01","1","b2-u07-l01-pattern","rather than for priority","B2","TRUE","b2-u07-l01","說明提案優先順序","Our proposal focuses on quality rather than short term savings.","我們的提案著重品質，而不是短期節省。","rather than for priority","b2-u07-l01-p01-s01-t06","6","rather-rather-adverb","rather","rather-adverb-01","word","rather","rather","與 than 組成「而不是」","meaning","adverb 副詞","adverb 副詞","adverb 副詞","時間、方式或程度","rather-than","rather than","而不是","1","用來清楚說明優先考量。","b2-u07-l01-pattern","","","","","","","","","","","web_speech_fallback","pending","","","","","TRUE","FALSE","TRUE","TRUE","pilot_review_required"
"B2","b2-u07","提案、簡報與協商","b2-u07-p01","1","b2-u07-l01-s01","1","b2-u07-l01-pattern","rather than for priority","B2","TRUE","b2-u07-l01","說明提案優先順序","Our proposal focuses on quality rather than short term savings.","我們的提案著重品質，而不是短期節省。","rather than for priority","b2-u07-l01-p01-s01-t07","7","than-than-preposition","than","than-preposition-01","word","than","than","比","grammar","preposition 介系詞","preposition 介系詞","preposition 介系詞","片語關係","rather-than","rather than","而不是","1","用來清楚說明優先考量。","b2-u07-l01-pattern","","","","","","","","","","","web_speech_fallback","pending","","","","","FALSE","FALSE","TRUE","FALSE","pilot_review_required"
"B2","b2-u07","提案、簡報與協商","b2-u07-p01","1","b2-u07-l01-s01","1","b2-u07-l01-pattern","rather than for priority","B2","TRUE","b2-u07-l01","說明提案優先順序","Our proposal focuses on quality rather than short term savings.","我們的提案著重品質，而不是短期節省。","rather than for priority","b2-u07-l01-p01-s01-t08","8","short-short-adjective","short","short-adjective-01","word","short","short","短期的","meaning","adjective 形容詞","adjective 形容詞","adjective 形容詞","特徵描述","","","","","","b2-u07-l01-pattern","","","","","","","","","","","web_speech_fallback","pending","","","","","TRUE","FALSE","FALSE","TRUE","pilot_review_required"
"B2","b2-u07","提案、簡報與協商","b2-u07-p01","1","b2-u07-l01-s01","1","b2-u07-l01-pattern","rather than for priority","B2","TRUE","b2-u07-l01","說明提案優先順序","Our proposal focuses on quality rather than short term savings.","我們的提案著重品質，而不是短期節省。","rather than for priority","b2-u07-l01-p01-s01-t09","9","term-term-noun","term","term-noun-01","word","term","term","期","meaning","noun 名詞","noun 名詞","noun 名詞","核心內容","","","","","","b2-u07-l01-pattern","","","","","","","","","","","web_speech_fallback","pending","","","","","FALSE","FALSE","FALSE","FALSE","pilot_review_required"
"B2","b2-u07","提案、簡報與協商","b2-u07-p01","1","b2-u07-l01-s01","1","b2-u07-l01-pattern","rather than for priority","B2","TRUE","b2-u07-l01","說明提案優先順序","Our proposal focuses on quality rather than short term savings.","我們的提案著重品質，而不是短期節省。","rather than for priority","b2-u07-l01-p01-s01-t10","10","saving-savings-noun","saving","saving-noun-01","word","savings","saving","節省","meaning","noun 名詞","noun 名詞","noun 名詞","核心內容","","","","","","b2-u07-l01-pattern","","","","","","","","","","","web_speech_fallback","pending","","","","","TRUE","FALSE","FALSE","TRUE","pilot_review_required"
"B2","b2-u07","提案、簡報與協商","b2-u07-p01","1","b2-u07-l02-s01","2","b2-u07-l02-pattern","provided that condition","B2","TRUE","b2-u07-l02","提出有條件的接受","We could accept the offer provided that the deadline changes.","只要期限調整，我們可以接受這項提議。","provided that condition","b2-u07-l02-p01-s01-t01","1","we-we-pronoun","we","we-pronoun-01","word","We","we","我們","meaning","pronoun 代名詞","pronoun 代名詞","pronoun 代名詞","指稱或限定","","","","","","b2-u07-l02-pattern","","","","","","","","","","","web_speech_fallback","pending","","","","","FALSE","TRUE","FALSE","TRUE","pilot_review_required"
"B2","b2-u07","提案、簡報與協商","b2-u07-p01","1","b2-u07-l02-s01","2","b2-u07-l02-pattern","provided that condition","B2","TRUE","b2-u07-l02","提出有條件的接受","We could accept the offer provided that the deadline changes.","只要期限調整，我們可以接受這項提議。","provided that condition","b2-u07-l02-p01-s01-t02","2","could-could-auxiliary","could","could-auxiliary-01","word","could","could","可以；能夠（較委婉或假設）","grammar","auxiliary verb 助動詞","auxiliary verb 助動詞","auxiliary verb 助動詞","動作或狀態","","","","","","b2-u07-l02-pattern","","","","","","","","","","","web_speech_fallback","pending","","","","","FALSE","FALSE","FALSE","FALSE","pilot_review_required"
"B2","b2-u07","提案、簡報與協商","b2-u07-p01","1","b2-u07-l02-s01","2","b2-u07-l02-pattern","provided that condition","B2","TRUE","b2-u07-l02","提出有條件的接受","We could accept the offer provided that the deadline changes.","只要期限調整，我們可以接受這項提議。","provided that condition","b2-u07-l02-p01-s01-t03","3","accept-accept-verb","accept","accept-verb-01","word","accept","accept","接受","meaning","verb 動詞","verb 動詞","verb 動詞","動作或狀態","","","","","","b2-u07-l02-pattern","","","","","","","","","","","web_speech_fallback","pending","","","","","TRUE","FALSE","FALSE","TRUE","pilot_review_required"
"B2","b2-u07","提案、簡報與協商","b2-u07-p01","1","b2-u07-l02-s01","2","b2-u07-l02-pattern","provided that condition","B2","TRUE","b2-u07-l02","提出有條件的接受","We could accept the offer provided that the deadline changes.","只要期限調整，我們可以接受這項提議。","provided that condition","b2-u07-l02-p01-s01-t04","4","the-the-determiner","the","the-determiner-01","word","the","the","定冠詞（中文通常不翻譯）","grammar","determiner 限定詞","determiner 限定詞","determiner 限定詞","指稱或限定","","","","","","b2-u07-l02-pattern","","","","","","","","","","","web_speech_fallback","pending","","","","","FALSE","FALSE","FALSE","FALSE","pilot_review_required"
"B2","b2-u07","提案、簡報與協商","b2-u07-p01","1","b2-u07-l02-s01","2","b2-u07-l02-pattern","provided that condition","B2","TRUE","b2-u07-l02","提出有條件的接受","We could accept the offer provided that the deadline changes.","只要期限調整，我們可以接受這項提議。","provided that condition","b2-u07-l02-p01-s01-t05","5","offer-offer-noun","offer","offer-noun-01","word","offer","offer","提議","meaning","noun 名詞","noun 名詞","noun 名詞","核心內容","","","","","","b2-u07-l02-pattern","","","","","","","","","","","web_speech_fallback","pending","","","","","FALSE","FALSE","FALSE","FALSE","pilot_review_required"
"B2","b2-u07","提案、簡報與協商","b2-u07-p01","1","b2-u07-l02-s01","2","b2-u07-l02-pattern","provided that condition","B2","TRUE","b2-u07-l02","提出有條件的接受","We could accept the offer provided that the deadline changes.","只要期限調整，我們可以接受這項提議。","provided that condition","b2-u07-l02-p01-s01-t06","6","provided-provided-conjunction","provided","provided-conjunction-01","word","provided","provided","在……條件下","grammar","conjunction 連接詞","conjunction 連接詞","conjunction 連接詞","子句連接","provided-that","provided that","只要；條件是","1","較正式地提出接受條件。","b2-u07-l02-pattern","","","","","","","","","","","web_speech_fallback","pending","","","","","TRUE","FALSE","TRUE","TRUE","pilot_review_required"
"B2","b2-u07","提案、簡報與協商","b2-u07-p01","1","b2-u07-l02-s01","2","b2-u07-l02-pattern","provided that condition","B2","TRUE","b2-u07-l02","提出有條件的接受","We could accept the offer provided that the deadline changes.","只要期限調整，我們可以接受這項提議。","provided that condition","b2-u07-l02-p01-s01-t07","7","that-that-determiner","that","that-determiner-01","word","that","that","那個／用來連接子句","grammar","determiner 限定詞","determiner 限定詞","determiner 限定詞","指稱或限定","provided-that","provided that","只要；條件是","1","較正式地提出接受條件。","b2-u07-l02-pattern","","","","","","","","","","","web_speech_fallback","pending","","","","","FALSE","FALSE","TRUE","FALSE","pilot_review_required"
"B2","b2-u07","提案、簡報與協商","b2-u07-p01","1","b2-u07-l02-s01","2","b2-u07-l02-pattern","provided that condition","B2","TRUE","b2-u07-l02","提出有條件的接受","We could accept the offer provided that the deadline changes.","只要期限調整，我們可以接受這項提議。","provided that condition","b2-u07-l02-p01-s01-t08","8","the-the-determiner","the","the-determiner-01","word","the","the","定冠詞（中文通常不翻譯）","grammar","determiner 限定詞","determiner 限定詞","determiner 限定詞","指稱或限定","","","","","","b2-u07-l02-pattern","","","","","","","","","","","web_speech_fallback","pending","","","","","FALSE","FALSE","FALSE","FALSE","pilot_review_required"
"B2","b2-u07","提案、簡報與協商","b2-u07-p01","1","b2-u07-l02-s01","2","b2-u07-l02-pattern","provided that condition","B2","TRUE","b2-u07-l02","提出有條件的接受","We could accept the offer provided that the deadline changes.","只要期限調整，我們可以接受這項提議。","provided that condition","b2-u07-l02-p01-s01-t09","9","deadline-deadline-noun","deadline","deadline-noun-01","word","deadline","deadline","期限","meaning","noun 名詞","noun 名詞","noun 名詞","核心內容","","","","","","b2-u07-l02-pattern","","","","","","","","","","","web_speech_fallback","pending","","","","","TRUE","FALSE","FALSE","TRUE","pilot_review_required"
"B2","b2-u07","提案、簡報與協商","b2-u07-p01","1","b2-u07-l02-s01","2","b2-u07-l02-pattern","provided that condition","B2","TRUE","b2-u07-l02","提出有條件的接受","We could accept the offer provided that the deadline changes.","只要期限調整，我們可以接受這項提議。","provided that condition","b2-u07-l02-p01-s01-t10","10","change-changes-noun","change","change-noun-01","word","changes","change","改變","meaning","noun 名詞","noun 名詞","noun 名詞","核心內容","","","","","","b2-u07-l02-pattern","","","","","","","","","","","web_speech_fallback","pending","","","","","FALSE","FALSE","FALSE","FALSE","pilot_review_required"
"B2","b2-u07","提案、簡報與協商","b2-u07-p01","1","b2-u07-l03-s01","3","b2-u07-l03-pattern","modal passive for feedback","B2","TRUE","b2-u07-l03","改善簡報說明","The figures should be explained more clearly during the presentation.","簡報時應該更清楚地說明這些數據。","modal passive for feedback","b2-u07-l03-p01-s01-t01","1","the-the-determiner","the","the-determiner-01","word","The","the","定冠詞（中文通常不翻譯）","grammar","determiner 限定詞","determiner 限定詞","determiner 限定詞","指稱或限定","","","","","","b2-u07-l03-pattern","","","","","","","","","","","web_speech_fallback","pending","","","","","FALSE","TRUE","FALSE","TRUE","pilot_review_required"
"B2","b2-u07","提案、簡報與協商","b2-u07-p01","1","b2-u07-l03-s01","3","b2-u07-l03-pattern","modal passive for feedback","B2","TRUE","b2-u07-l03","改善簡報說明","The figures should be explained more clearly during the presentation.","簡報時應該更清楚地說明這些數據。","modal passive for feedback","b2-u07-l03-p01-s01-t02","2","figure-figures-noun","figure","figure-noun-01","word","figures","figure","數據","meaning","noun 名詞","noun 名詞","noun 名詞","核心內容","","","","","","b2-u07-l03-pattern","","","","","","","","","","","web_speech_fallback","pending","","","","","TRUE","FALSE","FALSE","TRUE","pilot_review_required"
"B2","b2-u07","提案、簡報與協商","b2-u07-p01","1","b2-u07-l03-s01","3","b2-u07-l03-pattern","modal passive for feedback","B2","TRUE","b2-u07-l03","改善簡報說明","The figures should be explained more clearly during the presentation.","簡報時應該更清楚地說明這些數據。","modal passive for feedback","b2-u07-l03-p01-s01-t03","3","should-should-auxiliary","should","should-auxiliary-01","word","should","should","應該","grammar","auxiliary verb 助動詞","auxiliary verb 助動詞","auxiliary verb 助動詞","動作或狀態","","","","","","b2-u07-l03-pattern","","","","","","","","","","","web_speech_fallback","pending","","","","","FALSE","FALSE","FALSE","FALSE","pilot_review_required"
"B2","b2-u07","提案、簡報與協商","b2-u07-p01","1","b2-u07-l03-s01","3","b2-u07-l03-pattern","modal passive for feedback","B2","TRUE","b2-u07-l03","改善簡報說明","The figures should be explained more clearly during the presentation.","簡報時應該更清楚地說明這些數據。","modal passive for feedback","b2-u07-l03-p01-s01-t04","4","be-be-auxiliary","be","be-auxiliary-01","word","be","be","be 動詞原形","grammar","auxiliary verb 助動詞","auxiliary verb 助動詞","auxiliary verb 助動詞","動作或狀態","","","","","","b2-u07-l03-pattern","","","","","","","","","","","web_speech_fallback","pending","","","","","FALSE","FALSE","FALSE","FALSE","pilot_review_required"
"B2","b2-u07","提案、簡報與協商","b2-u07-p01","1","b2-u07-l03-s01","3","b2-u07-l03-pattern","modal passive for feedback","B2","TRUE","b2-u07-l03","改善簡報說明","The figures should be explained more clearly during the presentation.","簡報時應該更清楚地說明這些數據。","modal passive for feedback","b2-u07-l03-p01-s01-t05","5","explain-explained-verb","explain","explain-verb-01","word","explained","explain","說明","meaning","verb 動詞","verb 動詞","verb 動詞","動作或狀態","","","","","","b2-u07-l03-pattern","","","","","","","","","","","web_speech_fallback","pending","","","","","FALSE","FALSE","FALSE","FALSE","pilot_review_required"
"B2","b2-u07","提案、簡報與協商","b2-u07-p01","1","b2-u07-l03-s01","3","b2-u07-l03-pattern","modal passive for feedback","B2","TRUE","b2-u07-l03","改善簡報說明","The figures should be explained more clearly during the presentation.","簡報時應該更清楚地說明這些數據。","modal passive for feedback","b2-u07-l03-p01-s01-t06","6","more-more-adverb","more","more-adverb-01","word","more","more","更多／更","meaning","adverb 副詞","adverb 副詞","adverb 副詞","時間、方式或程度","","","","","","b2-u07-l03-pattern","","","","","","","","","","","web_speech_fallback","pending","","","","","FALSE","FALSE","FALSE","FALSE","pilot_review_required"
"B2","b2-u07","提案、簡報與協商","b2-u07-p01","1","b2-u07-l03-s01","3","b2-u07-l03-pattern","modal passive for feedback","B2","TRUE","b2-u07-l03","改善簡報說明","The figures should be explained more clearly during the presentation.","簡報時應該更清楚地說明這些數據。","modal passive for feedback","b2-u07-l03-p01-s01-t07","7","clearly-clearly-adverb","clearly","clearly-adverb-01","word","clearly","clearly","清楚地","meaning","adverb 副詞","adverb 副詞","adverb 副詞","時間、方式或程度","","","","","","b2-u07-l03-pattern","","","","","","","","","","","web_speech_fallback","pending","","","","","TRUE","FALSE","FALSE","TRUE","pilot_review_required"
"B2","b2-u07","提案、簡報與協商","b2-u07-p01","1","b2-u07-l03-s01","3","b2-u07-l03-pattern","modal passive for feedback","B2","TRUE","b2-u07-l03","改善簡報說明","The figures should be explained more clearly during the presentation.","簡報時應該更清楚地說明這些數據。","modal passive for feedback","b2-u07-l03-p01-s01-t08","8","during-during-preposition","during","during-preposition-01","word","during","during","在……期間","grammar","preposition 介系詞","preposition 介系詞","preposition 介系詞","片語關係","during-the-presentation","during the presentation","簡報期間","1","during 加名詞表示事件進行的期間。","b2-u07-l03-pattern","","","","","","","","","","","web_speech_fallback","pending","","","","","TRUE","FALSE","TRUE","TRUE","pilot_review_required"
"B2","b2-u07","提案、簡報與協商","b2-u07-p01","1","b2-u07-l03-s01","3","b2-u07-l03-pattern","modal passive for feedback","B2","TRUE","b2-u07-l03","改善簡報說明","The figures should be explained more clearly during the presentation.","簡報時應該更清楚地說明這些數據。","modal passive for feedback","b2-u07-l03-p01-s01-t09","9","the-the-determiner","the","the-determiner-01","word","the","the","定冠詞（中文通常不翻譯）","grammar","determiner 限定詞","determiner 限定詞","determiner 限定詞","指稱或限定","during-the-presentation","during the presentation","簡報期間","1","during 加名詞表示事件進行的期間。","b2-u07-l03-pattern","","","","","","","","","","","web_speech_fallback","pending","","","","","FALSE","FALSE","TRUE","FALSE","pilot_review_required"
"B2","b2-u07","提案、簡報與協商","b2-u07-p01","1","b2-u07-l03-s01","3","b2-u07-l03-pattern","modal passive for feedback","B2","TRUE","b2-u07-l03","改善簡報說明","The figures should be explained more clearly during the presentation.","簡報時應該更清楚地說明這些數據。","modal passive for feedback","b2-u07-l03-p01-s01-t10","10","presentation-presentation-noun","presentation","presentation-noun-01","word","presentation","presentation","簡報","meaning","noun 名詞","noun 名詞","noun 名詞","核心內容","during-the-presentation","during the presentation","簡報期間","1","during 加名詞表示事件進行的期間。","b2-u07-l03-pattern","","","","","","","","","","","web_speech_fallback","pending","","","","","TRUE","FALSE","TRUE","TRUE","pilot_review_required"
"B2","b2-u07","提案、簡報與協商","b2-u07-p01","1","b2-u07-l04-s01","4","b2-u07-l04-pattern","after plus gerund","B2","TRUE","b2-u07-l04","達成合理協議","After reviewing both sides we reached a reasonable agreement.","檢視雙方立場後，我們達成了合理的協議。","after plus gerund","b2-u07-l04-p01-s01-t01","1","after-after-preposition","after","after-preposition-01","word","After","after","在……之後","grammar","preposition 介系詞","preposition 介系詞","preposition 介系詞","片語關係","after-reviewing-both-sides","after reviewing both sides","檢視雙方立場後","1","after 後接動名詞表示完成的前置步驟。","b2-u07-l04-pattern","","","","","","","","","","","web_speech_fallback","pending","","","","","FALSE","TRUE","TRUE","TRUE","pilot_review_required"
"B2","b2-u07","提案、簡報與協商","b2-u07-p01","1","b2-u07-l04-s01","4","b2-u07-l04-pattern","after plus gerund","B2","TRUE","b2-u07-l04","達成合理協議","After reviewing both sides we reached a reasonable agreement.","檢視雙方立場後，我們達成了合理的協議。","after plus gerund","b2-u07-l04-p01-s01-t02","2","review-reviewing-verb","review","review-verb-01","word","reviewing","review","檢視","meaning","verb 動詞","verb 動詞","verb 動詞","動作或狀態","after-reviewing-both-sides","after reviewing both sides","檢視雙方立場後","1","after 後接動名詞表示完成的前置步驟。","b2-u07-l04-pattern","","","","","","","","","","","web_speech_fallback","pending","","","","","TRUE","FALSE","TRUE","TRUE","pilot_review_required"
"B2","b2-u07","提案、簡報與協商","b2-u07-p01","1","b2-u07-l04-s01","4","b2-u07-l04-pattern","after plus gerund","B2","TRUE","b2-u07-l04","達成合理協議","After reviewing both sides we reached a reasonable agreement.","檢視雙方立場後，我們達成了合理的協議。","after plus gerund","b2-u07-l04-p01-s01-t03","3","both-both-determiner","both","both-determiner-01","word","both","both","兩者都","grammar","determiner 限定詞","determiner 限定詞","determiner 限定詞","指稱或限定","after-reviewing-both-sides","after reviewing both sides","檢視雙方立場後","1","after 後接動名詞表示完成的前置步驟。","b2-u07-l04-pattern","","","","","","","","","","","web_speech_fallback","pending","","","","","FALSE","FALSE","TRUE","FALSE","pilot_review_required"
"B2","b2-u07","提案、簡報與協商","b2-u07-p01","1","b2-u07-l04-s01","4","b2-u07-l04-pattern","after plus gerund","B2","TRUE","b2-u07-l04","達成合理協議","After reviewing both sides we reached a reasonable agreement.","檢視雙方立場後，我們達成了合理的協議。","after plus gerund","b2-u07-l04-p01-s01-t04","4","side-sides-noun","side","side-noun-01","word","sides","side","雙方","meaning","noun 名詞","noun 名詞","noun 名詞","核心內容","after-reviewing-both-sides","after reviewing both sides","檢視雙方立場後","1","after 後接動名詞表示完成的前置步驟。","b2-u07-l04-pattern","","","","","","","","","","","web_speech_fallback","pending","","","","","TRUE","FALSE","TRUE","TRUE","pilot_review_required"
"B2","b2-u07","提案、簡報與協商","b2-u07-p01","1","b2-u07-l04-s01","4","b2-u07-l04-pattern","after plus gerund","B2","TRUE","b2-u07-l04","達成合理協議","After reviewing both sides we reached a reasonable agreement.","檢視雙方立場後，我們達成了合理的協議。","after plus gerund","b2-u07-l04-p01-s01-t05","5","we-we-pronoun","we","we-pronoun-01","word","we","we","我們","meaning","pronoun 代名詞","pronoun 代名詞","pronoun 代名詞","指稱或限定","","","","","","b2-u07-l04-pattern","","","","","","","","","","","web_speech_fallback","pending","","","","","FALSE","FALSE","FALSE","FALSE","pilot_review_required"
"B2","b2-u07","提案、簡報與協商","b2-u07-p01","1","b2-u07-l04-s01","4","b2-u07-l04-pattern","after plus gerund","B2","TRUE","b2-u07-l04","達成合理協議","After reviewing both sides we reached a reasonable agreement.","檢視雙方立場後，我們達成了合理的協議。","after plus gerund","b2-u07-l04-p01-s01-t06","6","reach-reached-verb","reach","reach-verb-01","word","reached","reach","達成","meaning","verb 動詞","verb 動詞","verb 動詞","動作或狀態","","","","","","b2-u07-l04-pattern","","","","","","","","","","","web_speech_fallback","pending","","","","","TRUE","FALSE","FALSE","TRUE","pilot_review_required"
"B2","b2-u07","提案、簡報與協商","b2-u07-p01","1","b2-u07-l04-s01","4","b2-u07-l04-pattern","after plus gerund","B2","TRUE","b2-u07-l04","達成合理協議","After reviewing both sides we reached a reasonable agreement.","檢視雙方立場後，我們達成了合理的協議。","after plus gerund","b2-u07-l04-p01-s01-t07","7","a-a-determiner","a","a-determiner-01","word","a","a","一個","grammar","determiner 限定詞","determiner 限定詞","determiner 限定詞","指稱或限定","","","","","","b2-u07-l04-pattern","","","","","","","","","","","web_speech_fallback","pending","","","","","FALSE","FALSE","FALSE","FALSE","pilot_review_required"
"B2","b2-u07","提案、簡報與協商","b2-u07-p01","1","b2-u07-l04-s01","4","b2-u07-l04-pattern","after plus gerund","B2","TRUE","b2-u07-l04","達成合理協議","After reviewing both sides we reached a reasonable agreement.","檢視雙方立場後，我們達成了合理的協議。","after plus gerund","b2-u07-l04-p01-s01-t08","8","reasonable-reasonable-adjective","reasonable","reasonable-adjective-01","word","reasonable","reasonable","合理的","meaning","adjective 形容詞","adjective 形容詞","adjective 形容詞","特徵描述","","","","","","b2-u07-l04-pattern","","","","","","","","","","","web_speech_fallback","pending","","","","","TRUE","FALSE","FALSE","TRUE","pilot_review_required"
"B2","b2-u07","提案、簡報與協商","b2-u07-p01","1","b2-u07-l04-s01","4","b2-u07-l04-pattern","after plus gerund","B2","TRUE","b2-u07-l04","達成合理協議","After reviewing both sides we reached a reasonable agreement.","檢視雙方立場後，我們達成了合理的協議。","after plus gerund","b2-u07-l04-p01-s01-t09","9","agreement-agreement-noun","agreement","agreement-noun-01","word","agreement","agreement","協議","meaning","noun 名詞","noun 名詞","noun 名詞","核心內容","","","","","","b2-u07-l04-pattern","","","","","","","","","","","web_speech_fallback","pending","","","","","TRUE","FALSE","FALSE","TRUE","pilot_review_required"
"B2","b2-u08","B2 整合評論文章","b2-u08-p01","1","b2-u08-l01-s01","1","b2-u08-l01-pattern","relative clause for complex issues","B2","TRUE","b2-u08-l01","指出城市長期課題","Modern cities face problems that require long term planning.","現代城市面臨需要長期規劃的問題。","relative clause for complex issues","b2-u08-l01-p01-s01-t01","1","modern-modern-adjective","modern","modern-adjective-01","word","Modern","modern","現代的","meaning","adjective 形容詞","adjective 形容詞","adjective 形容詞","特徵描述","","","","","","b2-u08-l01-pattern","","","","","","","","","","","web_speech_fallback","pending","","","","","TRUE","TRUE","FALSE","TRUE","pilot_review_required"
"B2","b2-u08","B2 整合評論文章","b2-u08-p01","1","b2-u08-l01-s01","1","b2-u08-l01-pattern","relative clause for complex issues","B2","TRUE","b2-u08-l01","指出城市長期課題","Modern cities face problems that require long term planning.","現代城市面臨需要長期規劃的問題。","relative clause for complex issues","b2-u08-l01-p01-s01-t02","2","city-cities-noun","city","city-noun-01","word","cities","city","城市","meaning","noun 名詞","noun 名詞","noun 名詞","核心內容","","","","","","b2-u08-l01-pattern","","","","","","","","","","","web_speech_fallback","pending","","","","","TRUE","FALSE","FALSE","TRUE","pilot_review_required"
"B2","b2-u08","B2 整合評論文章","b2-u08-p01","1","b2-u08-l01-s01","1","b2-u08-l01-pattern","relative clause for complex issues","B2","TRUE","b2-u08-l01","指出城市長期課題","Modern cities face problems that require long term planning.","現代城市面臨需要長期規劃的問題。","relative clause for complex issues","b2-u08-l01-p01-s01-t03","3","face-face-verb","face","face-verb-01","word","face","face","面臨","meaning","verb 動詞","verb 動詞","verb 動詞","動作或狀態","","","","","","b2-u08-l01-pattern","","","","","","","","","","","web_speech_fallback","pending","","","","","TRUE","FALSE","FALSE","TRUE","pilot_review_required"
"B2","b2-u08","B2 整合評論文章","b2-u08-p01","1","b2-u08-l01-s01","1","b2-u08-l01-pattern","relative clause for complex issues","B2","TRUE","b2-u08-l01","指出城市長期課題","Modern cities face problems that require long term planning.","現代城市面臨需要長期規劃的問題。","relative clause for complex issues","b2-u08-l01-p01-s01-t04","4","problem-problems-noun","problem","problem-noun-01","word","problems","problem","問題","meaning","noun 名詞","noun 名詞","noun 名詞","核心內容","problems-that-require","problems that require","需要處理的問題","1","that 引導關係子句說明問題的特性。","b2-u08-l01-pattern","","","","","","","","","","","web_speech_fallback","pending","","","","","FALSE","FALSE","TRUE","FALSE","pilot_review_required"
"B2","b2-u08","B2 整合評論文章","b2-u08-p01","1","b2-u08-l01-s01","1","b2-u08-l01-pattern","relative clause for complex issues","B2","TRUE","b2-u08-l01","指出城市長期課題","Modern cities face problems that require long term planning.","現代城市面臨需要長期規劃的問題。","relative clause for complex issues","b2-u08-l01-p01-s01-t05","5","that-that-determiner","that","that-determiner-01","word","that","that","那個／用來連接子句","grammar","determiner 限定詞","determiner 限定詞","determiner 限定詞","指稱或限定","problems-that-require","problems that require","需要處理的問題","1","that 引導關係子句說明問題的特性。","b2-u08-l01-pattern","","","","","","","","","","","web_speech_fallback","pending","","","","","FALSE","FALSE","TRUE","FALSE","pilot_review_required"
"B2","b2-u08","B2 整合評論文章","b2-u08-p01","1","b2-u08-l01-s01","1","b2-u08-l01-pattern","relative clause for complex issues","B2","TRUE","b2-u08-l01","指出城市長期課題","Modern cities face problems that require long term planning.","現代城市面臨需要長期規劃的問題。","relative clause for complex issues","b2-u08-l01-p01-s01-t06","6","require-require-verb","require","require-verb-01","word","require","require","需要","meaning","verb 動詞","verb 動詞","verb 動詞","動作或狀態","problems-that-require","problems that require","需要處理的問題","1","that 引導關係子句說明問題的特性。","b2-u08-l01-pattern","","","","","","","","","","","web_speech_fallback","pending","","","","","TRUE","FALSE","TRUE","TRUE","pilot_review_required"
"B2","b2-u08","B2 整合評論文章","b2-u08-p01","1","b2-u08-l01-s01","1","b2-u08-l01-pattern","relative clause for complex issues","B2","TRUE","b2-u08-l01","指出城市長期課題","Modern cities face problems that require long term planning.","現代城市面臨需要長期規劃的問題。","relative clause for complex issues","b2-u08-l01-p01-s01-t07","7","long-long-adjective","long","long-adjective-01","word","long","long","長期的","meaning","adjective 形容詞","adjective 形容詞","adjective 形容詞","特徵描述","","","","","","b2-u08-l01-pattern","","","","","","","","","","","web_speech_fallback","pending","","","","","FALSE","FALSE","FALSE","FALSE","pilot_review_required"
"B2","b2-u08","B2 整合評論文章","b2-u08-p01","1","b2-u08-l01-s01","1","b2-u08-l01-pattern","relative clause for complex issues","B2","TRUE","b2-u08-l01","指出城市長期課題","Modern cities face problems that require long term planning.","現代城市面臨需要長期規劃的問題。","relative clause for complex issues","b2-u08-l01-p01-s01-t08","8","term-term-noun","term","term-noun-01","word","term","term","期","meaning","noun 名詞","noun 名詞","noun 名詞","核心內容","","","","","","b2-u08-l01-pattern","","","","","","","","","","","web_speech_fallback","pending","","","","","FALSE","FALSE","FALSE","FALSE","pilot_review_required"
"B2","b2-u08","B2 整合評論文章","b2-u08-p01","1","b2-u08-l01-s01","1","b2-u08-l01-pattern","relative clause for complex issues","B2","TRUE","b2-u08-l01","指出城市長期課題","Modern cities face problems that require long term planning.","現代城市面臨需要長期規劃的問題。","relative clause for complex issues","b2-u08-l01-p01-s01-t09","9","planning-planning-noun","planning","planning-noun-01","word","planning","planning","規劃","meaning","noun 名詞","noun 名詞","noun 名詞","核心內容","","","","","","b2-u08-l01-pattern","","","","","","","","","","","web_speech_fallback","pending","","","","","TRUE","FALSE","FALSE","TRUE","pilot_review_required"
"B2","b2-u08","B2 整合評論文章","b2-u08-p01","1","b2-u08-l02-s01","2","b2-u08-l02-pattern","while for concession","B2","TRUE","b2-u08-l02","限制科技解方","While technology offers solutions it cannot replace public cooperation.","雖然科技提供解方，但它無法取代大眾合作。","while for concession","b2-u08-l02-p01-s01-t01","1","while-while-conjunction","while","while-conjunction-01","word","While","while","同時／雖然","grammar","conjunction 連接詞","conjunction 連接詞","conjunction 連接詞","子句連接","","","","","","b2-u08-l02-pattern","","","","","","","","","","","web_speech_fallback","pending","","","","","FALSE","TRUE","FALSE","TRUE","pilot_review_required"
"B2","b2-u08","B2 整合評論文章","b2-u08-p01","1","b2-u08-l02-s01","2","b2-u08-l02-pattern","while for concession","B2","TRUE","b2-u08-l02","限制科技解方","While technology offers solutions it cannot replace public cooperation.","雖然科技提供解方，但它無法取代大眾合作。","while for concession","b2-u08-l02-p01-s01-t02","2","technology-technology-noun","technology","technology-noun-01","word","technology","technology","科技","meaning","noun 名詞","noun 名詞","noun 名詞","核心內容","","","","","","b2-u08-l02-pattern","","","","","","","","","","","web_speech_fallback","pending","","","","","FALSE","FALSE","FALSE","FALSE","pilot_review_required"
"B2","b2-u08","B2 整合評論文章","b2-u08-p01","1","b2-u08-l02-s01","2","b2-u08-l02-pattern","while for concession","B2","TRUE","b2-u08-l02","限制科技解方","While technology offers solutions it cannot replace public cooperation.","雖然科技提供解方，但它無法取代大眾合作。","while for concession","b2-u08-l02-p01-s01-t03","3","offer-offers-verb","offer","offer-verb-01","word","offers","offer","提供","meaning","verb 動詞","verb 動詞","verb 動詞","動作或狀態","","","","","","b2-u08-l02-pattern","","","","","","","","","","","web_speech_fallback","pending","","","","","FALSE","FALSE","FALSE","FALSE","pilot_review_required"
"B2","b2-u08","B2 整合評論文章","b2-u08-p01","1","b2-u08-l02-s01","2","b2-u08-l02-pattern","while for concession","B2","TRUE","b2-u08-l02","限制科技解方","While technology offers solutions it cannot replace public cooperation.","雖然科技提供解方，但它無法取代大眾合作。","while for concession","b2-u08-l02-p01-s01-t04","4","solution-solutions-noun","solution","solution-noun-01","word","solutions","solution","解方","meaning","noun 名詞","noun 名詞","noun 名詞","核心內容","","","","","","b2-u08-l02-pattern","","","","","","","","","","","web_speech_fallback","pending","","","","","FALSE","FALSE","FALSE","FALSE","pilot_review_required"
"B2","b2-u08","B2 整合評論文章","b2-u08-p01","1","b2-u08-l02-s01","2","b2-u08-l02-pattern","while for concession","B2","TRUE","b2-u08-l02","限制科技解方","While technology offers solutions it cannot replace public cooperation.","雖然科技提供解方，但它無法取代大眾合作。","while for concession","b2-u08-l02-p01-s01-t05","5","it-it-pronoun","it","it-pronoun-01","word","it","it","它／這件事","meaning","pronoun 代名詞","pronoun 代名詞","pronoun 代名詞","指稱或限定","","","","","","b2-u08-l02-pattern","","","","","","","","","","","web_speech_fallback","pending","","","","","FALSE","FALSE","FALSE","FALSE","pilot_review_required"
"B2","b2-u08","B2 整合評論文章","b2-u08-p01","1","b2-u08-l02-s01","2","b2-u08-l02-pattern","while for concession","B2","TRUE","b2-u08-l02","限制科技解方","While technology offers solutions it cannot replace public cooperation.","雖然科技提供解方，但它無法取代大眾合作。","while for concession","b2-u08-l02-p01-s01-t06","6","cannot-cannot-auxiliary","cannot","cannot-auxiliary-01","word","cannot","cannot","無法","grammar","auxiliary verb 助動詞","auxiliary verb 助動詞","auxiliary verb 助動詞","動作或狀態","cannot-replace","cannot replace","無法取代","1","用來指出某項工具的限制。","b2-u08-l02-pattern","","","","","","","","","","","web_speech_fallback","pending","","","","","TRUE","FALSE","TRUE","TRUE","pilot_review_required"
"B2","b2-u08","B2 整合評論文章","b2-u08-p01","1","b2-u08-l02-s01","2","b2-u08-l02-pattern","while for concession","B2","TRUE","b2-u08-l02","限制科技解方","While technology offers solutions it cannot replace public cooperation.","雖然科技提供解方，但它無法取代大眾合作。","while for concession","b2-u08-l02-p01-s01-t07","7","replace-replace-verb","replace","replace-verb-01","word","replace","replace","取代","meaning","verb 動詞","verb 動詞","verb 動詞","動作或狀態","cannot-replace","cannot replace","無法取代","1","用來指出某項工具的限制。","b2-u08-l02-pattern","","","","","","","","","","","web_speech_fallback","pending","","","","","TRUE","FALSE","TRUE","TRUE","pilot_review_required"
"B2","b2-u08","B2 整合評論文章","b2-u08-p01","1","b2-u08-l02-s01","2","b2-u08-l02-pattern","while for concession","B2","TRUE","b2-u08-l02","限制科技解方","While technology offers solutions it cannot replace public cooperation.","雖然科技提供解方，但它無法取代大眾合作。","while for concession","b2-u08-l02-p01-s01-t08","8","public-public-adjective","public","public-adjective-01","word","public","public","大眾的／公共的","meaning","adjective 形容詞","adjective 形容詞","adjective 形容詞","特徵描述","","","","","","b2-u08-l02-pattern","","","","","","","","","","","web_speech_fallback","pending","","","","","FALSE","FALSE","FALSE","FALSE","pilot_review_required"
"B2","b2-u08","B2 整合評論文章","b2-u08-p01","1","b2-u08-l02-s01","2","b2-u08-l02-pattern","while for concession","B2","TRUE","b2-u08-l02","限制科技解方","While technology offers solutions it cannot replace public cooperation.","雖然科技提供解方，但它無法取代大眾合作。","while for concession","b2-u08-l02-p01-s01-t09","9","cooperation-cooperation-noun","cooperation","cooperation-noun-01","word","cooperation","cooperation","合作","meaning","noun 名詞","noun 名詞","noun 名詞","核心內容","","","","","","b2-u08-l02-pattern","","","","","","","","","","","web_speech_fallback","pending","","","","","TRUE","FALSE","FALSE","TRUE","pilot_review_required"
"B2","b2-u08","B2 整合評論文章","b2-u08-p01","1","b2-u08-l03-s01","3","b2-u08-l03-pattern","when clause for effectiveness","B2","TRUE","b2-u08-l03","連結理解與政策成效","Policies are more effective when residents understand their purpose.","當居民理解政策目的時，政策會更有效。","when clause for effectiveness","b2-u08-l03-p01-s01-t01","1","policy-policies-noun","policy","policy-noun-01","word","Policies","policy","政策","meaning","noun 名詞","noun 名詞","noun 名詞","核心內容","","","","","","b2-u08-l03-pattern","","","","","","","","","","","web_speech_fallback","pending","","","","","FALSE","TRUE","FALSE","TRUE","pilot_review_required"
"B2","b2-u08","B2 整合評論文章","b2-u08-p01","1","b2-u08-l03-s01","3","b2-u08-l03-pattern","when clause for effectiveness","B2","TRUE","b2-u08-l03","連結理解與政策成效","Policies are more effective when residents understand their purpose.","當居民理解政策目的時，政策會更有效。","when clause for effectiveness","b2-u08-l03-p01-s01-t02","2","are-are-auxiliary","are","are-auxiliary-01","word","are","are","是","grammar","auxiliary verb 助動詞","auxiliary verb 助動詞","auxiliary verb 助動詞","動作或狀態","","","","","","b2-u08-l03-pattern","","","","","","","","","","","web_speech_fallback","pending","","","","","TRUE","FALSE","FALSE","TRUE","pilot_review_required"
"B2","b2-u08","B2 整合評論文章","b2-u08-p01","1","b2-u08-l03-s01","3","b2-u08-l03-pattern","when clause for effectiveness","B2","TRUE","b2-u08-l03","連結理解與政策成效","Policies are more effective when residents understand their purpose.","當居民理解政策目的時，政策會更有效。","when clause for effectiveness","b2-u08-l03-p01-s01-t03","3","more-more-adverb","more","more-adverb-01","word","more","more","更多／更","meaning","adverb 副詞","adverb 副詞","adverb 副詞","時間、方式或程度","","","","","","b2-u08-l03-pattern","","","","","","","","","","","web_speech_fallback","pending","","","","","FALSE","FALSE","FALSE","FALSE","pilot_review_required"
"B2","b2-u08","B2 整合評論文章","b2-u08-p01","1","b2-u08-l03-s01","3","b2-u08-l03-pattern","when clause for effectiveness","B2","TRUE","b2-u08-l03","連結理解與政策成效","Policies are more effective when residents understand their purpose.","當居民理解政策目的時，政策會更有效。","when clause for effectiveness","b2-u08-l03-p01-s01-t04","4","effective-effective-adjective","effective","effective-adjective-01","word","effective","effective","有效的","meaning","adjective 形容詞","adjective 形容詞","adjective 形容詞","特徵描述","","","","","","b2-u08-l03-pattern","","","","","","","","","","","web_speech_fallback","pending","","","","","FALSE","FALSE","FALSE","FALSE","pilot_review_required"
"B2","b2-u08","B2 整合評論文章","b2-u08-p01","1","b2-u08-l03-s01","3","b2-u08-l03-pattern","when clause for effectiveness","B2","TRUE","b2-u08-l03","連結理解與政策成效","Policies are more effective when residents understand their purpose.","當居民理解政策目的時，政策會更有效。","when clause for effectiveness","b2-u08-l03-p01-s01-t05","5","when-when-conjunction","when","when-conjunction-01","word","when","when","當……時","grammar","conjunction 連接詞","conjunction 連接詞","conjunction 連接詞","子句連接","when-residents-understand-their-purpose","when residents understand their purpose","當居民理解政策目的時","1","when 引出成效成立的條件。","b2-u08-l03-pattern","","","","","","","","","","","web_speech_fallback","pending","","","","","FALSE","FALSE","TRUE","FALSE","pilot_review_required"
"B2","b2-u08","B2 整合評論文章","b2-u08-p01","1","b2-u08-l03-s01","3","b2-u08-l03-pattern","when clause for effectiveness","B2","TRUE","b2-u08-l03","連結理解與政策成效","Policies are more effective when residents understand their purpose.","當居民理解政策目的時，政策會更有效。","when clause for effectiveness","b2-u08-l03-p01-s01-t06","6","resident-residents-noun","resident","resident-noun-01","word","residents","resident","居民","meaning","noun 名詞","noun 名詞","noun 名詞","核心內容","when-residents-understand-their-purpose","when residents understand their purpose","當居民理解政策目的時","1","when 引出成效成立的條件。","b2-u08-l03-pattern","","","","","","","","","","","web_speech_fallback","pending","","","","","TRUE","FALSE","TRUE","TRUE","pilot_review_required"
"B2","b2-u08","B2 整合評論文章","b2-u08-p01","1","b2-u08-l03-s01","3","b2-u08-l03-pattern","when clause for effectiveness","B2","TRUE","b2-u08-l03","連結理解與政策成效","Policies are more effective when residents understand their purpose.","當居民理解政策目的時，政策會更有效。","when clause for effectiveness","b2-u08-l03-p01-s01-t07","7","understand-understand-verb","understand","understand-verb-01","word","understand","understand","理解","meaning","verb 動詞","verb 動詞","verb 動詞","動作或狀態","when-residents-understand-their-purpose","when residents understand their purpose","當居民理解政策目的時","1","when 引出成效成立的條件。","b2-u08-l03-pattern","","","","","","","","","","","web_speech_fallback","pending","","","","","FALSE","FALSE","TRUE","FALSE","pilot_review_required"
"B2","b2-u08","B2 整合評論文章","b2-u08-p01","1","b2-u08-l03-s01","3","b2-u08-l03-pattern","when clause for effectiveness","B2","TRUE","b2-u08-l03","連結理解與政策成效","Policies are more effective when residents understand their purpose.","當居民理解政策目的時，政策會更有效。","when clause for effectiveness","b2-u08-l03-p01-s01-t08","8","their-their-determiner","their","their-determiner-01","word","their","their","他們的","grammar","determiner 限定詞","determiner 限定詞","determiner 限定詞","指稱或限定","when-residents-understand-their-purpose","when residents understand their purpose","當居民理解政策目的時","1","when 引出成效成立的條件。","b2-u08-l03-pattern","","","","","","","","","","","web_speech_fallback","pending","","","","","TRUE","FALSE","TRUE","TRUE","pilot_review_required"
"B2","b2-u08","B2 整合評論文章","b2-u08-p01","1","b2-u08-l03-s01","3","b2-u08-l03-pattern","when clause for effectiveness","B2","TRUE","b2-u08-l03","連結理解與政策成效","Policies are more effective when residents understand their purpose.","當居民理解政策目的時，政策會更有效。","when clause for effectiveness","b2-u08-l03-p01-s01-t09","9","purpose-purpose-noun","purpose","purpose-noun-01","word","purpose","purpose","目的","meaning","noun 名詞","noun 名詞","noun 名詞","核心內容","when-residents-understand-their-purpose","when residents understand their purpose","當居民理解政策目的時","1","when 引出成效成立的條件。","b2-u08-l03-pattern","","","","","","","","","","","web_speech_fallback","pending","","","","","TRUE","FALSE","TRUE","TRUE","pilot_review_required"
"B2","b2-u08","B2 整合評論文章","b2-u08-p01","1","b2-u08-l04-s01","4","b2-u08-l04-pattern","second conditional for collective action","B2","TRUE","b2-u08-l04","提出社群合作假設","If communities worked together they could create lasting change.","如果社群共同合作，就能創造長久的改變。","second conditional for collective action","b2-u08-l04-p01-s01-t01","1","if-if-conjunction","if","if-conjunction-01","word","If","if","如果","grammar","conjunction 連接詞","conjunction 連接詞","conjunction 連接詞","子句連接","","","","","","b2-u08-l04-pattern","","","","","","","","","","","web_speech_fallback","pending","","","","","FALSE","TRUE","FALSE","TRUE","pilot_review_required"
"B2","b2-u08","B2 整合評論文章","b2-u08-p01","1","b2-u08-l04-s01","4","b2-u08-l04-pattern","second conditional for collective action","B2","TRUE","b2-u08-l04","提出社群合作假設","If communities worked together they could create lasting change.","如果社群共同合作，就能創造長久的改變。","second conditional for collective action","b2-u08-l04-p01-s01-t02","2","community-communities-noun","community","community-noun-01","word","communities","community","社群","meaning","noun 名詞","noun 名詞","noun 名詞","核心內容","","","","","","b2-u08-l04-pattern","","","","","","","","","","","web_speech_fallback","pending","","","","","FALSE","FALSE","FALSE","FALSE","pilot_review_required"
"B2","b2-u08","B2 整合評論文章","b2-u08-p01","1","b2-u08-l04-s01","4","b2-u08-l04-pattern","second conditional for collective action","B2","TRUE","b2-u08-l04","提出社群合作假設","If communities worked together they could create lasting change.","如果社群共同合作，就能創造長久的改變。","second conditional for collective action","b2-u08-l04-p01-s01-t03","3","work-worked-verb","work","work-verb-01","word","worked","work","工作過","meaning","verb 動詞","verb 動詞","verb 動詞","動作或狀態","worked-together","worked together","共同合作","1","together 強調共同行動。","b2-u08-l04-pattern","","","","","","","","","","","web_speech_fallback","pending","","","","","FALSE","FALSE","TRUE","FALSE","pilot_review_required"
"B2","b2-u08","B2 整合評論文章","b2-u08-p01","1","b2-u08-l04-s01","4","b2-u08-l04-pattern","second conditional for collective action","B2","TRUE","b2-u08-l04","提出社群合作假設","If communities worked together they could create lasting change.","如果社群共同合作，就能創造長久的改變。","second conditional for collective action","b2-u08-l04-p01-s01-t04","4","together-together-adverb","together","together-adverb-01","word","together","together","一起","meaning","adverb 副詞","adverb 副詞","adverb 副詞","時間、方式或程度","worked-together","worked together","共同合作","1","together 強調共同行動。","b2-u08-l04-pattern","","","","","","","","","","","web_speech_fallback","pending","","","","","TRUE","FALSE","TRUE","TRUE","pilot_review_required"
"B2","b2-u08","B2 整合評論文章","b2-u08-p01","1","b2-u08-l04-s01","4","b2-u08-l04-pattern","second conditional for collective action","B2","TRUE","b2-u08-l04","提出社群合作假設","If communities worked together they could create lasting change.","如果社群共同合作，就能創造長久的改變。","second conditional for collective action","b2-u08-l04-p01-s01-t05","5","they-they-pronoun","they","they-pronoun-01","word","they","they","他們／它們","meaning","pronoun 代名詞","pronoun 代名詞","pronoun 代名詞","指稱或限定","","","","","","b2-u08-l04-pattern","","","","","","","","","","","web_speech_fallback","pending","","","","","TRUE","FALSE","FALSE","TRUE","pilot_review_required"
"B2","b2-u08","B2 整合評論文章","b2-u08-p01","1","b2-u08-l04-s01","4","b2-u08-l04-pattern","second conditional for collective action","B2","TRUE","b2-u08-l04","提出社群合作假設","If communities worked together they could create lasting change.","如果社群共同合作，就能創造長久的改變。","second conditional for collective action","b2-u08-l04-p01-s01-t06","6","could-could-auxiliary","could","could-auxiliary-01","word","could","could","可以；能夠（較委婉或假設）","grammar","auxiliary verb 助動詞","auxiliary verb 助動詞","auxiliary verb 助動詞","動作或狀態","","","","","","b2-u08-l04-pattern","","","","","","","","","","","web_speech_fallback","pending","","","","","FALSE","FALSE","FALSE","FALSE","pilot_review_required"
"B2","b2-u08","B2 整合評論文章","b2-u08-p01","1","b2-u08-l04-s01","4","b2-u08-l04-pattern","second conditional for collective action","B2","TRUE","b2-u08-l04","提出社群合作假設","If communities worked together they could create lasting change.","如果社群共同合作，就能創造長久的改變。","second conditional for collective action","b2-u08-l04-p01-s01-t07","7","create-create-verb","create","create-verb-01","word","create","create","造成／創造","meaning","verb 動詞","verb 動詞","verb 動詞","動作或狀態","","","","","","b2-u08-l04-pattern","","","","","","","","","","","web_speech_fallback","pending","","","","","FALSE","FALSE","FALSE","FALSE","pilot_review_required"
"B2","b2-u08","B2 整合評論文章","b2-u08-p01","1","b2-u08-l04-s01","4","b2-u08-l04-pattern","second conditional for collective action","B2","TRUE","b2-u08-l04","提出社群合作假設","If communities worked together they could create lasting change.","如果社群共同合作，就能創造長久的改變。","second conditional for collective action","b2-u08-l04-p01-s01-t08","8","lasting-lasting-adjective","lasting","lasting-adjective-01","word","lasting","lasting","長久的","meaning","adjective 形容詞","adjective 形容詞","adjective 形容詞","特徵描述","","","","","","b2-u08-l04-pattern","","","","","","","","","","","web_speech_fallback","pending","","","","","TRUE","FALSE","FALSE","TRUE","pilot_review_required"
"B2","b2-u08","B2 整合評論文章","b2-u08-p01","1","b2-u08-l04-s01","4","b2-u08-l04-pattern","second conditional for collective action","B2","TRUE","b2-u08-l04","提出社群合作假設","If communities worked together they could create lasting change.","如果社群共同合作，就能創造長久的改變。","second conditional for collective action","b2-u08-l04-p01-s01-t09","9","change-change-noun","change","change-noun-01","word","change","change","更改","meaning","noun 名詞","noun 名詞","noun 名詞","核心內容","","","","","","b2-u08-l04-pattern","","","","","","","","","","","web_speech_fallback","pending","","","","","FALSE","FALSE","FALSE","FALSE","pilot_review_required"
